Model,Dataset,Function,Epochs,Embedding Dims,Batch Size,Margin,Loss,Mean Rank,MRR,Hits@1,Hits@5,Hits@10
TransEUncertainty,datasets/UMLS_model__ComplEx_with_confidence.csv,train_and_evaluate,1,50,16,1.0,6.676246417038467,63.52986,0.035732385,0.0,0.027565084226646247,0.07503828483920368
DistMultUncertainty,datasets/UMLS_model__ComplEx_with_confidence.csv,train_and_evaluate,1,50,16,1.0,8.33099276635229,67.33078,0.032641385,0.0,0.021439509954058193,0.05972434915773354
ComplExUncertainty,datasets/UMLS_model__ComplEx_with_confidence.csv,train_and_evaluate,1,50,16,1.0,0.9546844556765712,66.06278713629403,0.0441759110892703,0.009188361408882083,0.04134762633996937,0.08116385911179173
TransE,UMLS,train_and_evaluate,1,50,16,N/A,1.0911246885551265,N/A,0.04027935490012169,0.0,0.039334341906202726,0.08018154311649017
DistMult,UMLS,train_and_evaluate,1,50,16,N/A,1.0242192884164354,N/A,0.04556084796786308,0.0113464447806354,0.04387291981845688,0.07488653555219364
ComplEx,UMLS,train_and_evaluate,1,50,16,N/A,5.646580362612484,N/A,0.040561605244874954,0.00529500756429652,0.039334341906202726,0.0794251134644478
