Model,Dataset,Epochs,Embedding Dims,Batch Size,Margin,Loss,Mean Rank,MRR,Hits@1,Hits@5,Hits@10
BestModelFromCV,datasets/paper_bounded_UMLS.csv,5,10,16,1.0,,59.39357,0.043290548,0.004594180704441042,0.036753445635528334,0.10260336906584992
TransE,UMLS,5,10,16,N/A,0.9678641488215675,N/A,0.04993459582328797,0.00832072617246596,0.05143721633888049,0.09909228441754916
