Model,Dataset,Function,Epochs,Embedding Dims,Batch Size,Margin,Loss,Mean Rank,MRR,Hits@1,Hits@5,Hits@10
TransEUncertainty,datasets/UMLS_random_[0;0.5]__with_confidence.csv,train_and_evaluate_divergence,100,50,16,1.0,0.3228455242579398,66.40888,0.029005507,0.0,0.019908116385911178,0.04900459418070444
DistMultUncertainty,datasets/UMLS_random_[0;0.5]__with_confidence.csv,train_and_evaluate_divergence,100,50,16,1.0,0.0007076101888821501,48.18683,0.067595474,0.0,0.0888208269525268,0.1807044410413476
ComplExUncertainty,datasets/UMLS_random_[0;0.5]__with_confidence.csv,train_and_evaluate_divergence,100,50,16,1.0,0.885810479035844,69.40428790199081,0.03857818664978885,0.004594180704441042,0.039816232771822356,0.07503828483920368
TransE,UMLS,train_and_evaluate_divergence,100,50,16,N/A,0.15307975958095738,N/A,0.18638664484024048,0.04311649016641452,0.2972768532526475,0.5385779122541604
DistMult,UMLS,train_and_evaluate_divergence,100,50,16,N/A,0.5270301777343809,N/A,0.20850816369056702,0.06959152798789713,0.3275340393343419,0.5453857791225416
ComplEx,UMLS,train_and_evaluate_divergence,100,50,16,N/A,0.2864812862790801,N/A,0.14362157881259918,0.03479576399394856,0.1875945537065053,0.42511346444780634
