Model,Dataset,Function,Epochs,Embedding Dims,Batch Size,Margin,Loss,Mean Rank,MRR,Hits@1,Hits@5,Hits@10
TransEUncertainty,datasets/UMLS_ranked_appearances___with_confidence.csv,train_and_evaluate_softplus,100,50,16,1.0,nan,62.324654,0.051599365,0.019908116385911178,0.03828483920367534,0.0781010719754977
DistMultUncertainty,datasets/UMLS_ranked_appearances___with_confidence.csv,train_and_evaluate_softplus,100,50,16,1.0,1.0440480464502522,67.88821,0.03648572,0.0,0.036753445635528334,0.0903522205206738
ComplExUncertainty,datasets/UMLS_ranked_appearances___with_confidence.csv,train_and_evaluate_softplus,100,50,16,1.0,5.815693971255551,69.73047473200613,0.035132664174030624,0.004594180704441042,0.02909647779479326,0.05819295558958652
TransE,UMLS,train_and_evaluate_softplus,100,50,16,N/A,0.16673351678014534,N/A,0.18051588535308838,0.039334341906202726,0.291981845688351,0.5484114977307111
DistMult,UMLS,train_and_evaluate_softplus,100,50,16,N/A,0.5198235655306307,N/A,0.19337542355060575,0.0529500756429652,0.31391830559757944,0.5514372163388804
ComplEx,UMLS,train_and_evaluate_softplus,100,50,16,N/A,0.27298821595731687,N/A,0.13349778950214386,0.023449319213313162,0.17700453857791226,0.4084720121028744
