Model,Dataset,Function,Epochs,Embedding Dims,Batch Size,Margin,Loss,Mean Rank,MRR,Hits@1,Hits@5,Hits@10
TransEUncertainty,datasets/UMLS_appearances___with_confidence.csv,train_and_evaluate,10,4,16,1.0,1.5182141775022382,62.281776,0.03908353,0.007656967840735069,0.03522205206738132,0.05206738131699847
DistMultUncertainty,datasets/UMLS_appearances___with_confidence.csv,train_and_evaluate,10,4,16,1.0,1.4169483131364635,63.53905,0.041702926,0.007656967840735069,0.03828483920367534,0.07197549770290965
ComplExUncertainty,datasets/UMLS_appearances___with_confidence.csv,train_and_evaluate,10,4,16,1.0,0.15126264567041528,67.25267993874425,0.040038004615317736,0.010719754977029096,0.026033690658499236,0.05819295558958652
RotatEUncertainty,datasets/UMLS_appearances___with_confidence.csv,train_and_evaluate,10,4,16,1.0,0.05335104670476816,40.915771484375,0.07363636791706085,0.010719754977029096,0.09494640122511486,0.18989279866218567
TransE,train_and_evaluate,UMLS,10,4,16,N/A,1.000398258398647,N/A,0.04372367262840271,0.00680786686838124,0.04311649016641452,0.07337367624810892
DistMult,train_and_evaluate,UMLS,10,4,16,N/A,1.0199330202275259,N/A,0.04607752710580826,0.012102874432677761,0.04084720121028744,0.08396369137670197
ComplEx,train_and_evaluate,UMLS,10,4,16,N/A,0.8567664310610368,N/A,0.04258348047733307,0.0113464447806354,0.037821482602118005,0.07261724659606657
RotatE,train_and_evaluate,UMLS,10,4,16,N/A,0.6924180709328388,N/A,0.082240991294384,0.015128593040847202,0.09833585476550681,0.20121028744326777
