Model,Dataset,Function,Epochs,Embedding Dims,Batch Size,Margin,Loss,Mean Rank,MRR,Hits@1,Hits@5,Hits@10
TransEUncertainty,datasets/paper_bounded_UMLS.csv,train_and_evaluate_divergence,10,5,512,1.0,0.0034186794073320925,61.347626,0.047648262,0.007656967840735069,0.04747320061255743,0.08422664624808576
DistMultUncertainty,datasets/paper_bounded_UMLS.csv,train_and_evaluate_divergence,10,5,512,1.0,0.012134496161403755,70.25115,0.036441732,0.006125574272588055,0.030627871362940276,0.05972434915773354
ComplExUncertainty,datasets/paper_bounded_UMLS.csv,train_and_evaluate_divergence,10,5,512,1.0,0.022905884543433785,68.90352220520674,0.038416687960749006,0.0030627871362940277,0.039816232771822356,0.07963246554364471
TransE,UMLS,train_and_evaluate_divergence,10,5,512,N/A,1.096255129033869,N/A,0.04833817109465599,0.0113464447806354,0.047655068078668684,0.08774583963691376
DistMult,UMLS,train_and_evaluate_divergence,10,5,512,N/A,1.0796827294609763,N/A,0.03636392951011658,0.00529500756429652,0.028744326777609682,0.06354009077155824
ComplEx,UMLS,train_and_evaluate_divergence,10,5,512,N/A,1.72631544416601,N/A,0.041660331189632416,0.007564296520423601,0.037821482602118005,0.07110438729198185
