Model,Dataset,Function,Epochs,Embedding Dims,Batch Size,Margin,Loss,Mean Rank,MRR,Hits@1,Hits@5,Hits@10
TransEUncertainty,datasets/UMLS_logical___with_confidence.csv,train_and_evaluate,1,50,512,1.0,983.9087117513021,70.32619,0.03304915,0.0,0.027565084226646247,0.05359877488514548
DistMultUncertainty,datasets/UMLS_logical___with_confidence.csv,train_and_evaluate,1,50,512,1.0,1019.9656626383463,66.22052,0.03489369,0.0,0.033690658499234305,0.06891271056661562
ComplExUncertainty,datasets/UMLS_logical___with_confidence.csv,train_and_evaluate,1,50,512,1.0,4.233363707860311,66.85758039816233,0.03458736946782678,0.004594180704441042,0.026033690658499236,0.05666156202143951
TransE,UMLS,train_and_evaluate,1,50,512,N/A,1.1328648870641536,N/A,0.03397096320986748,0.0,0.028744326777609682,0.06505295007564296
DistMult,UMLS,train_and_evaluate,1,50,512,N/A,1.0277454853057861,N/A,0.03877328708767891,0.0045385779122541605,0.0416036308623298,0.0718608169440242
ComplEx,UMLS,train_and_evaluate,1,50,512,N/A,5.716493996706876,N/A,0.0375882051885128,0.00680786686838124,0.030257186081694403,0.05597579425113464
