Model,Dataset,Function,Epochs,Embedding Dims,Batch Size,Margin,Loss,Mean Rank,MRR,Hits@1,Hits@5,Hits@10
TransEUncertainty,datasets/UMLS_average___with_confidence.csv,train_and_evaluate_softplus,100,50,16,1.0,nan,62.324654,0.051599365,0.019908116385911178,0.03828483920367534,0.0781010719754977
DistMultUncertainty,datasets/UMLS_average___with_confidence.csv,train_and_evaluate_softplus,100,50,16,1.0,1.5531420502001825,72.321594,0.033068523,0.0,0.030627871362940276,0.05666156202143951
ComplExUncertainty,datasets/UMLS_average___with_confidence.csv,train_and_evaluate_softplus,100,50,16,1.0,4.450229666803194,66.89433384379785,0.035132518247264134,0.0030627871362940277,0.033690658499234305,0.06584992343032159
TransE,UMLS,train_and_evaluate_softplus,100,50,16,N/A,0.14753749312981507,N/A,0.18173031508922577,0.046142208774583963,0.2866868381240545,0.5287443267776096
DistMult,UMLS,train_and_evaluate_softplus,100,50,16,N/A,0.5250884866787612,N/A,0.2009017914533615,0.06127080181543117,0.3177004538577912,0.5529500756429652
ComplEx,UMLS,train_and_evaluate_softplus,100,50,16,N/A,0.29007496442531516,N/A,0.12172918021678925,0.02118003025718608,0.1437216338880484,0.3842662632375189
