Model,Dataset,Function,Epochs,Embedding Dims,Batch Size,Margin,Loss,Mean Rank,MRR,Hits@1,Hits@5,Hits@10
TransEUncertainty,datasets/paper_bounded_UMLS.csv,train_and_evaluate_softplus,10,5,512,1.0,6.203001697858174,67.76876,0.04139176,0.007656967840735069,0.03828483920367534,0.07044410413476264
DistMultUncertainty,datasets/paper_bounded_UMLS.csv,train_and_evaluate_softplus,10,5,512,1.0,0.7116403579711914,69.7611,0.03633938,0.006125574272588055,0.030627871362940276,0.06738131699846861
ComplExUncertainty,datasets/paper_bounded_UMLS.csv,train_and_evaluate_softplus,10,5,512,1.0,2.3929700454076133,69.90045941807044,0.03532179416758702,0.0030627871362940277,0.02909647779479326,0.05819295558958652
TransE,UMLS,train_and_evaluate_softplus,10,5,512,N/A,1.0937749580903486,N/A,0.04324069619178772,0.00529500756429652,0.048411497730711045,0.08093797276853253
DistMult,UMLS,train_and_evaluate_softplus,10,5,512,N/A,1.0699221654371782,N/A,0.041219547390937805,0.01059001512859304,0.03555219364599092,0.06656580937972768
ComplEx,UMLS,train_and_evaluate_softplus,10,5,512,N/A,1.774103652347218,N/A,0.037792012095451355,0.006051437216338881,0.03252647503782148,0.06278366111951589
