Model,Dataset,Function,Epochs,Embedding Dims,Batch Size,Margin,Loss,Mean Rank,MRR,Hits@1,Hits@5,Hits@10
TransEUncertainty,datasets/UMLS_random_[0;1]__with_confidence.csv,train_and_evaluate_neg_confidences_cosukg,1,50,16,1.0,438.781727168871,67.18683,0.03450399,0.0,0.03522205206738132,0.06431852986217458
DistMultUncertainty,datasets/UMLS_random_[0;1]__with_confidence.csv,train_and_evaluate_neg_confidences_cosukg,1,50,16,1.0,514.0842881824659,69.6095,0.034354817,0.0,0.036753445635528334,0.06891271056661562
ComplExUncertainty,datasets/UMLS_random_[0;1]__with_confidence.csv,train_and_evaluate_neg_confidences_cosukg,1,50,16,1.0,5.349933957276137,69.08728943338438,0.04063645085833372,0.007656967840735069,0.039816232771822356,0.07503828483920368
TransE,UMLS,train_and_evaluate_neg_confidences_cosukg,1,50,16,N/A,1.0930634494756628,N/A,0.04406467080116272,0.0,0.05143721633888049,0.10136157337367625
DistMult,UMLS,train_and_evaluate_neg_confidences_cosukg,1,50,16,N/A,1.024049927851905,N/A,0.03748667612671852,0.0045385779122541605,0.03177004538577912,0.08018154311649017
ComplEx,UMLS,train_and_evaluate_neg_confidences_cosukg,1,50,16,N/A,5.602008034846534,N/A,0.037959568202495575,0.00680786686838124,0.028744326777609682,0.05597579425113464
