Model,Dataset,Epochs,Embedding Dims,Batch Size,Margin,Loss,Mean Rank,MRR,Hits@1,Hits@5,Hits@10
TransEUncertainty,datasets/paper_bounded_UMLS.csv,5,6,16,1.0,13.218501000948574,63.0,0.043198776,0.007656967840735069,0.039816232771822356,0.0903522205206738
DistMultUncertainty,datasets/paper_bounded_UMLS.csv,5,6,16,1.0,12.092749651683414,73.25727,0.03241574,0.004594180704441042,0.021439509954058193,0.05819295558958652
ComplExUncertainty,datasets/paper_bounded_UMLS.csv,5,6,16,1.0,1.2806284965785302,68.43797856049005,0.03379799164104424,0.0030627871362940277,0.022970903522205207,0.05972434915773354
RotatEUncertainty,datasets/paper_bounded_UMLS.csv,5,6,16,1.0,0.45797192572575546,36.95405960083008,0.09588587284088135,0.021439509954058193,0.11638591117917305,0.2710566520690918
TransE,UMLS,5,6,16,N/A,1.0553136590433998,N/A,0.034543100744485855,0.0022692889561270802,0.02798789712556732,0.06959152798789713
