Model,Dataset,Function,Epochs,Embedding Dims,Batch Size,Margin,Loss,Mean Rank,MRR,Hits@1,Hits@5,Hits@10
TransEUncertainty,datasets/UMLS_logical___with_confidence.csv,train_and_evaluate_contrastive,100,50,16,1.0,0.2776064040220302,16.623278,0.15087746,0.033690658499234305,0.24042879019908117,0.4211332312404288
DistMultUncertainty,datasets/UMLS_logical___with_confidence.csv,train_and_evaluate_contrastive,100,50,16,1.0,0.24776032702040696,51.25115,0.057256665,0.0,0.07656967840735068,0.1546707503828484
ComplExUncertainty,datasets/UMLS_logical___with_confidence.csv,train_and_evaluate_contrastive,100,50,16,1.0,0.25928651033293293,27.157733537519142,0.0985628063399528,0.022970903522205207,0.10872894333843798,0.22664624808575803
TransE,UMLS,train_and_evaluate_contrastive,100,50,16,N/A,0.15787057560280057,N/A,0.1839013546705246,0.04084720121028744,0.3010590015128593,0.5620272314674736
DistMult,UMLS,train_and_evaluate_contrastive,100,50,16,N/A,0.5197614558452478,N/A,0.20255601406097412,0.06580937972768533,0.3146747352496218,0.5658093797276853
ComplEx,UMLS,train_and_evaluate_contrastive,100,50,16,N/A,0.29220103285064,N/A,0.1346552073955536,0.030257186081694403,0.16792738275340394,0.39863842662632376
