Model,Dataset,Function,Epochs,Embedding Dims,Batch Size,Margin,Loss,Mean Rank,MRR,Hits@1,Hits@5,Hits@10
TransEUncertainty,datasets/UMLS_random_[0;1]__with_confidence.csv,train_and_evaluate_contrastive,100,50,16,1.0,0.24472750075485394,16.66003,0.14188045,0.027565084226646247,0.20980091883614088,0.41960183767228176
DistMultUncertainty,datasets/UMLS_random_[0;1]__with_confidence.csv,train_and_evaluate_contrastive,100,50,16,1.0,0.19829555318447883,63.952526,0.053130507,0.0,0.08116385911179173,0.15313935681470137
ComplExUncertainty,datasets/UMLS_random_[0;1]__with_confidence.csv,train_and_evaluate_contrastive,100,50,16,1.0,5.272043317677858,68.54670750382849,0.03808270310455541,0.009188361408882083,0.033690658499234305,0.06125574272588055
TransE,UMLS,train_and_evaluate_contrastive,100,50,16,N/A,0.1631903452741588,N/A,0.18449658155441284,0.046898638426626324,0.2950075642965204,0.5514372163388804
DistMult,UMLS,train_and_evaluate_contrastive,100,50,16,N/A,0.5218931366146707,N/A,0.20109196007251737,0.06580937972768533,0.31164901664145234,0.5431164901664145
ComplEx,UMLS,train_and_evaluate_contrastive,100,50,16,N/A,0.2844798550741073,N/A,0.13268522918224335,0.0264750378214826,0.17851739788199697,0.3895612708018154
