Model,Dataset,Epochs,Embedding Dims,Batch Size,Margin,Loss,Mean Rank,MRR,Hits@1,Hits@5,Hits@10
TransEUncertainty,datasets/paper_bounded_UMLS.csv,200,100,512,1.0,224.7074432373047,27.401226,0.094615944,0.0,0.1439509954058193,0.2833078101071976
TransE,UMLS,200,100,512,N/A,0.14174325290051373,N/A,0.1272682547569275,0.009077155824508321,0.1928895612708018,0.42133131618759456
