Model,Dataset,Function,Epochs,Embedding Dims,Batch Size,Margin,Loss,Mean Rank,MRR,Hits@1,Hits@5,Hits@10
TransEUncertainty,datasets/UMLS_model__ComplEx_with_confidence.csv,train_and_evaluate,1,50,512,1.0,204.9689687093099,63.592648,0.035636283,0.0,0.030627871362940276,0.06891271056661562
DistMultUncertainty,datasets/UMLS_model__ComplEx_with_confidence.csv,train_and_evaluate,1,50,512,1.0,259.375540415446,74.19449,0.031088373,0.0,0.030627871362940276,0.06431852986217458
ComplExUncertainty,datasets/UMLS_model__ComplEx_with_confidence.csv,train_and_evaluate,1,50,512,1.0,0.9513838539520899,68.50689127105666,0.03818155386534002,0.006125574272588055,0.036753445635528334,0.07656967840735068
TransE,UMLS,train_and_evaluate,1,50,512,N/A,1.1445893374356357,N/A,0.03460697457194328,0.0,0.029500756429652043,0.0680786686838124
DistMult,UMLS,train_and_evaluate,1,50,512,N/A,1.027794057672674,N/A,0.03560075908899307,0.00529500756429652,0.0264750378214826,0.06505295007564296
ComplEx,UMLS,train_and_evaluate,1,50,512,N/A,5.71148343519731,N/A,0.03625185787677765,0.0037821482602118004,0.03252647503782148,0.06580937972768533
