Model,Dataset,Function,Epochs,Embedding Dims,Batch Size,Margin,Loss,Mean Rank,MRR,Hits@1,Hits@5,Hits@10
TransEUncertainty,datasets/UMLS_ranked_appearances___with_confidence.csv,train_and_evaluate_gaussian,100,50,16,1.0,1.1300230468420878,23.341501,0.16146556,0.04747320061255743,0.22970903522205208,0.4211332312404288
DistMultUncertainty,datasets/UMLS_ranked_appearances___with_confidence.csv,train_and_evaluate_gaussian,100,50,16,1.0,0.5955991404303147,41.30628,0.07653658,0.0015313935681470138,0.10566615620214395,0.22664624808575803
ComplExUncertainty,datasets/UMLS_ranked_appearances___with_confidence.csv,train_and_evaluate_gaussian,100,50,16,1.0,203.85200779334357,66.6156202143951,0.038475473236087916,0.004594180704441042,0.033690658499234305,0.0781010719754977
TransE,UMLS,train_and_evaluate_gaussian,100,50,16,N/A,0.15293014360351798,N/A,0.18172001838684082,0.040090771558245086,0.2980332829046899,0.5544629349470499
DistMult,UMLS,train_and_evaluate_gaussian,100,50,16,N/A,0.5169214753468344,N/A,0.20357999205589294,0.07034795763993948,0.32299546142208774,0.5537065052950075
ComplEx,UMLS,train_and_evaluate_gaussian,100,50,16,N/A,0.2854775834622924,N/A,0.13251668214797974,0.0226928895612708,0.17397881996974282,0.41376701966717094
