Model,Dataset,Function,Epochs,Embedding Dims,Batch Size,Margin,Loss,Mean Rank,MRR,Hits@1,Hits@5,Hits@10
TransEUncertainty,datasets/paper_bounded_UMLS.csv,train_and_evaluate_objective,10,5,512,1.0,56.367453257242836,63.733536,0.038865563,0.004594180704441042,0.03522205206738132,0.0781010719754977
DistMultUncertainty,datasets/paper_bounded_UMLS.csv,train_and_evaluate_objective,10,5,512,1.0,2.8616944551467896,67.39663,0.035188977,0.0,0.030627871362940276,0.07656967840735068
ComplExUncertainty,datasets/paper_bounded_UMLS.csv,train_and_evaluate_objective,10,5,512,1.0,10.397620995839437,68.54517611026034,0.04158683480527445,0.009188361408882083,0.03828483920367534,0.07044410413476264
TransE,UMLS,train_and_evaluate_objective,10,5,512,N/A,1.092266635461287,N/A,0.042355459183454514,0.007564296520423601,0.04387291981845688,0.07866868381240545
DistMult,UMLS,train_and_evaluate_objective,10,5,512,N/A,1.0759668783708052,N/A,0.04487066715955734,0.01059001512859304,0.04236006051437216,0.07791225416036308
ComplEx,UMLS,train_and_evaluate_objective,10,5,512,N/A,1.7847648750651965,N/A,0.03558056429028511,0.00680786686838124,0.029500756429652043,0.058245083207261725
