Model,Dataset,Function,Epochs,Embedding Dims,Batch Size,Margin,Loss,Mean Rank,MRR,Hits@1,Hits@5,Hits@10
TransEUncertainty,datasets/paper_bounded_UMLS.csv,train_and_evaluate_softplus,1,50,16,1.0,nan,62.324654,0.051599365,0.019908116385911178,0.03828483920367534,0.0781010719754977
DistMultUncertainty,datasets/paper_bounded_UMLS.csv,train_and_evaluate_softplus,1,50,16,1.0,1.1546456507690575,65.41501,0.03493855,0.0,0.03215926493108729,0.07656967840735068
ComplExUncertainty,datasets/paper_bounded_UMLS.csv,train_and_evaluate_softplus,1,50,16,1.0,9.0511722046396,66.37059724349157,0.04308366929054728,0.01225114854517611,0.033690658499234305,0.07350689127105667
TransE,UMLS,train_and_evaluate_softplus,1,50,16,N/A,1.0744389822146645,N/A,0.04672731831669807,0.0,0.05143721633888049,0.11800302571860817
DistMult,UMLS,train_and_evaluate_softplus,1,50,16,N/A,1.0242601815908232,N/A,0.0336962528526783,0.00529500756429652,0.0226928895612708,0.049167927382753406
ComplEx,UMLS,train_and_evaluate_softplus,1,50,16,N/A,5.74162065909684,N/A,0.03921600431203842,0.00680786686838124,0.037821482602118005,0.06505295007564296
