Model,Dataset,Function,Epochs,Embedding Dims,Batch Size,Margin,Loss,Mean Rank,MRR,Hits@1,Hits@5,Hits@10
TransEUncertainty,datasets/UMLS_random_[0;0.5]__with_confidence.csv,train_and_evaluate,10,4,16,1.0,4.462398161706717,55.519142,0.052285414,0.007656967840735069,0.06125574272588055,0.10413476263399694
DistMultUncertainty,datasets/UMLS_random_[0;0.5]__with_confidence.csv,train_and_evaluate,10,4,16,1.0,4.1293651344983475,65.41807,0.047744453,0.01225114854517611,0.042879019908116385,0.08575803981623277
ComplExUncertainty,datasets/UMLS_random_[0;0.5]__with_confidence.csv,train_and_evaluate,10,4,16,1.0,0.4386425241423042,70.54517611026034,0.037915940177215925,0.007656967840735069,0.03522205206738132,0.06584992343032159
RotatEUncertainty,datasets/UMLS_random_[0;0.5]__with_confidence.csv,train_and_evaluate,10,4,16,1.0,0.17704563626371647,34.51607894897461,0.07882580906152725,0.009188361408882083,0.09188361408882083,0.21286369860172272
TransE,train_and_evaluate,UMLS,10,4,16,N/A,0.996287449737268,N/A,0.053883083164691925,0.012859304084720122,0.057488653555219364,0.11043872919818457
DistMult,train_and_evaluate,UMLS,10,4,16,N/A,1.0107933575390307,N/A,0.04838937148451805,0.009833585476550681,0.048411497730711045,0.10514372163388805
ComplEx,train_and_evaluate,UMLS,10,4,16,N/A,0.8531424059458306,N/A,0.035773903131484985,0.0045385779122541605,0.029500756429652043,0.058245083207261725
RotatE,train_and_evaluate,UMLS,10,4,16,N/A,0.6825229527394464,N/A,0.08099371939897537,0.01361573373676248,0.10136157337367625,0.20953101361573373
