Model,Dataset,Function,Epochs,Embedding Dims,Batch Size,Margin,Loss,Mean Rank,MRR,Hits@1,Hits@5,Hits@10
TransEUncertainty,datasets/paper_bounded_UMLS.csv,train_and_evaluate_divergence,10,5,512,1.0,0.004215596767608076,70.28024,0.031599596,0.0,0.02909647779479326,0.05972434915773354
DistMultUncertainty,datasets/paper_bounded_UMLS.csv,train_and_evaluate_divergence,10,5,512,1.0,0.004324852702363084,66.31547,0.041322835,0.004594180704441042,0.04134762633996937,0.0781010719754977
ComplExUncertainty,datasets/paper_bounded_UMLS.csv,train_and_evaluate_divergence,10,5,512,1.0,0.01811449625529349,66.5604900459418,0.043775490440677654,0.009188361408882083,0.0444104134762634,0.07963246554364471
TransE,UMLS,train_and_evaluate_divergence,10,5,512,N/A,1.0773614861748435,N/A,0.043389562517404556,0.00680786686838124,0.04084720121028744,0.08698940998487141
DistMult,UMLS,train_and_evaluate_divergence,10,5,512,N/A,1.079654249277982,N/A,0.03992818668484688,0.00680786686838124,0.03252647503782148,0.07564296520423601
ComplEx,UMLS,train_and_evaluate_divergence,10,5,512,N/A,1.684039213440635,N/A,0.043562162667512894,0.0113464447806354,0.0416036308623298,0.0794251134644478
