Model,Dataset,Function,Epochs,Embedding Dims,Batch Size,Margin,Loss,Mean Rank,MRR,Hits@1,Hits@5,Hits@10
TransEUncertainty,datasets/paper_bounded_UMLS.csv,train_and_evaluate_gaussian,10,5,512,1.0,8.71846318244934,65.65543,0.04052247,0.006125574272588055,0.033690658499234305,0.08728943338437979
DistMultUncertainty,datasets/paper_bounded_UMLS.csv,train_and_evaluate_gaussian,10,5,512,1.0,110365.19759114583,69.16539,0.041959446,0.010719754977029096,0.036753445635528334,0.06584992343032159
ComplExUncertainty,datasets/paper_bounded_UMLS.csv,train_and_evaluate_gaussian,10,5,512,1.0,nan,62.324655436447166,0.051599365820314984,0.019908116385911178,0.03828483920367534,0.0781010719754977
TransE,UMLS,train_and_evaluate_gaussian,10,5,512,N/A,1.1197265928441829,N/A,0.03818223252892494,0.00680786686838124,0.03252647503782148,0.06505295007564296
DistMult,UMLS,train_and_evaluate_gaussian,10,5,512,N/A,1.0792917988517068,N/A,0.03480604663491249,0.0022692889561270802,0.029500756429652043,0.06278366111951589
ComplEx,UMLS,train_and_evaluate_gaussian,10,5,512,N/A,1.5172711502421985,N/A,0.044506195932626724,0.009833585476550681,0.046142208774583963,0.08547655068078669
