Model,Dataset,Function,Epochs,Embedding Dims,Batch Size,Margin,Loss,Mean Rank,MRR,Hits@1,Hits@5,Hits@10
TransEUncertainty,datasets/paper_bounded_UMLS.csv,train_and_evaluate_loss,10,5,512,1.0,232.5602601369222,67.22359,0.035260674,0.0030627871362940277,0.027565084226646247,0.07044410413476264
DistMultUncertainty,datasets/paper_bounded_UMLS.csv,train_and_evaluate_loss,10,5,512,1.0,238.21952438354492,66.0781,0.03908184,0.006125574272588055,0.03522205206738132,0.06431852986217458
ComplExUncertainty,datasets/paper_bounded_UMLS.csv,train_and_evaluate_loss,10,5,512,1.0,0.9397295912106832,64.99081163859111,0.04155244927667926,0.006125574272588055,0.039816232771822356,0.08269525267993874
TransE,UMLS,train_and_evaluate_loss,10,5,512,N/A,1.0616606961597095,N/A,0.042342837899923325,0.009077155824508321,0.038577912254160365,0.07261724659606657
DistMult,UMLS,train_and_evaluate_loss,10,5,512,N/A,1.072752053087408,N/A,0.04392217472195625,0.0113464447806354,0.039334341906202726,0.08245083207261725
ComplEx,UMLS,train_and_evaluate_loss,10,5,512,N/A,1.7285467061129483,N/A,0.044151198118925095,0.00832072617246596,0.046142208774583963,0.08472012102874432
