Model,Dataset,Epochs,Embedding Dims,Batch Size,Margin,Loss,Mean Rank,MRR,Hits@1,Hits@5,Hits@10
TransEUncertainty,datasets/paper_bounded_UMLS.csv,100,50,512,1.0,387.0121218363444,37.08576,0.07363088,0.0,0.09647779479326186,0.20673813169984687
DistMultUncertainty,datasets/paper_bounded_UMLS.csv,100,50,512,1.0,1193.081039428711,67.16386,0.03403486,0.0,0.030627871362940276,0.06431852986217458
ComplExUncertainty,datasets/paper_bounded_UMLS.csv,100,50,512,1.0,4.578750173250834,66.80704441041348,0.040488759216930764,0.006125574272588055,0.030627871362940276,0.08116385911179173
RotatEUncertainty,datasets/paper_bounded_UMLS.csv,100,50,512,1.0,0.10652465807894866,20.16385841369629,0.15330910682678223,0.0444104134762634,0.19601837672281777,0.4425727427005768
