Model,Dataset,Epochs,Embedding Dims,Batch Size,Margin,Loss,Mean Rank,MRR,Hits@1,Hits@5,Hits@10
TransEUncertainty,datasets/paper_logistic_UMLS.csv,5,6,16,1.0,14.409360708833551,59.188362,0.044006366,0.006125574272588055,0.04134762633996937,0.0888208269525268
DistMultUncertainty,datasets/paper_logistic_UMLS.csv,5,6,16,1.0,13.688968518964288,66.980095,0.031806756,0.0,0.026033690658499236,0.06584992343032159
ComplExUncertainty,datasets/paper_logistic_UMLS.csv,5,6,16,1.0,1.3141574995452856,68.38284839203675,0.04098908486028221,0.009188361408882083,0.03215926493108729,0.06891271056661562
RotatEUncertainty,datasets/paper_logistic_UMLS.csv,5,6,16,1.0,0.5268202630841002,38.82542037963867,0.08151837438344955,0.015313935681470138,0.09800918836140889,0.19601838290691376
TransEUncertainty,datasets/paper_logistic_UMLS.csv,5,6,16,1.0,14.438304046384332,61.407352,0.042152073,0.007656967840735069,0.03828483920367534,0.0781010719754977
DistMultUncertainty,datasets/paper_logistic_UMLS.csv,5,6,16,1.0,14.615505023878448,71.25727,0.032247953,0.004594180704441042,0.022970903522205207,0.04747320061255743
ComplExUncertainty,datasets/paper_logistic_UMLS.csv,5,6,16,1.0,1.4907991202915607,67.49923430321593,0.048374872150708285,0.010719754977029096,0.0444104134762634,0.10260336906584992
RotatEUncertainty,datasets/paper_logistic_UMLS.csv,5,6,16,1.0,0.5222161181119024,38.39969253540039,0.08515823632478714,0.018376722817764167,0.09800918836140889,0.211332306265831
