Model,Dataset,Function,Epochs,Embedding Dims,Batch Size,Margin,Loss,Mean Rank,MRR,Hits@1,Hits@5,Hits@10
TransEUncertainty,datasets/UMLS_appearances___with_confidence.csv,train_and_evaluate_softplus,100,50,16,1.0,nan,62.324654,0.051599365,0.019908116385911178,0.03828483920367534,0.0781010719754977
DistMultUncertainty,datasets/UMLS_appearances___with_confidence.csv,train_and_evaluate_softplus,100,50,16,1.0,-0.06031943597743165,51.6585,0.053120244,0.0,0.06584992343032159,0.12557427258805512
ComplExUncertainty,datasets/UMLS_appearances___with_confidence.csv,train_and_evaluate_softplus,100,50,16,1.0,4.658694960824821,69.33690658499235,0.04423742325249372,0.01225114854517611,0.045941807044410414,0.0781010719754977
TransE,UMLS,train_and_evaluate_softplus,100,50,16,N/A,0.16105785865359512,N/A,0.18079252541065216,0.0453857791225416,0.2980332829046899,0.5438729198184569
DistMult,UMLS,train_and_evaluate_softplus,100,50,16,N/A,0.5190835379384047,N/A,0.1958211213350296,0.05597579425113464,0.30786686838124055,0.5544629349470499
ComplEx,UMLS,train_and_evaluate_softplus,100,50,16,N/A,0.284879274186364,N/A,0.1298614740371704,0.02723146747352496,0.1573373676248109,0.40468986384266264
