Model,Dataset,Function,Epochs,Embedding Dims,Batch Size,Margin,Loss,Mean Rank,MRR,Hits@1,Hits@5,Hits@10
TransEUncertainty,datasets/paper_bounded_UMLS.csv,train_and_evaluate_contrastive,1,50,16,1.0,3.717230611521265,62.852985,0.037461307,0.0,0.03522205206738132,0.08422664624808576
DistMultUncertainty,datasets/paper_bounded_UMLS.csv,train_and_evaluate_contrastive,1,50,16,1.0,4.345408821883409,69.39663,0.031385604,0.0,0.027565084226646247,0.05972434915773354
ComplExUncertainty,datasets/paper_bounded_UMLS.csv,train_and_evaluate_contrastive,1,50,16,1.0,7.989162985397422,68.96937212863706,0.035294546698521674,0.004594180704441042,0.03215926493108729,0.06125574272588055
TransE,UMLS,train_and_evaluate_contrastive,1,50,16,N/A,1.0564032186028416,N/A,0.04110537841916084,0.0,0.040090771558245086,0.08623298033282904
DistMult,UMLS,train_and_evaluate_contrastive,1,50,16,N/A,1.0248533651872647,N/A,0.03749256208539009,0.006051437216338881,0.02798789712556732,0.06354009077155824
ComplEx,UMLS,train_and_evaluate_contrastive,1,50,16,N/A,5.332748908206729,N/A,0.039532750844955444,0.0045385779122541605,0.04084720121028744,0.07564296520423601
