Model,Dataset,Function,Epochs,Embedding Dims,Batch Size,Margin,Loss,Mean Rank,MRR,Hits@1,Hits@5,Hits@10
TransEUncertainty,datasets/paper_bounded_UMLS.csv,train_and_evaluate_gaussian,10,5,512,1.0,130511124.66666667,68.358345,0.03680827,0.0030627871362940277,0.033690658499234305,0.07963246554364471
DistMultUncertainty,datasets/paper_bounded_UMLS.csv,train_and_evaluate_gaussian,10,5,512,1.0,22258991.666666668,65.25115,0.038678594,0.004594180704441042,0.03215926493108729,0.07044410413476264
ComplExUncertainty,datasets/paper_bounded_UMLS.csv,train_and_evaluate_gaussian,10,5,512,1.0,35762230.083333336,67.81623277182236,0.037576819363402125,0.0030627871362940277,0.03215926493108729,0.06738131699846861
TransE,UMLS,train_and_evaluate_gaussian,10,5,512,N/A,1.0745461203835227,N/A,0.03675780072808266,0.006051437216338881,0.0264750378214826,0.06278366111951589
DistMult,UMLS,train_and_evaluate_gaussian,10,5,512,N/A,1.083730405027216,N/A,0.04413162171840668,0.00832072617246596,0.04387291981845688,0.08698940998487141
ComplEx,UMLS,train_and_evaluate_gaussian,10,5,512,N/A,1.4843429327011108,N/A,0.03108476847410202,0.0030257186081694403,0.01588502269288956,0.0529500756429652
