Model,Dataset,Function,Epochs,Embedding Dims,Batch Size,Margin,Loss,Mean Rank,MRR,Hits@1,Hits@5,Hits@10
TransEUncertainty,datasets/paper_logistic_UMLS.csv,train_and_evaluate_contrastive,100,50,16,1.0,0.25636408639990765,16.797855,0.14485155,0.030627871362940276,0.21898928024502298,0.40888208269525267
DistMultUncertainty,datasets/paper_logistic_UMLS.csv,train_and_evaluate_contrastive,100,50,16,1.0,0.28805358255403524,55.882084,0.0590179,0.0,0.0903522205206738,0.16845329249617153
ComplExUncertainty,datasets/paper_logistic_UMLS.csv,train_and_evaluate_contrastive,100,50,16,1.0,0.2001867172429743,22.830015313935682,0.10065514610525618,0.019908116385911178,0.11179173047473201,0.2572741194486983
TransE,UMLS,train_and_evaluate_contrastive,100,50,16,N/A,0.1578561340007314,N/A,0.18458442389965057,0.046898638426626324,0.29425113464447805,0.5514372163388804
DistMult,UMLS,train_and_evaluate_contrastive,100,50,16,N/A,0.5320442484383203,N/A,0.20926854014396667,0.07337367624810892,0.3199697428139183,0.5582450832072617
ComplEx,UMLS,train_and_evaluate_contrastive,100,50,16,N/A,0.282170059787898,N/A,0.13181522488594055,0.0264750378214826,0.17170953101361575,0.3767019667170953
