Model,Dataset,Function,Epochs,Embedding Dims,Batch Size,Margin,Loss,Mean Rank,MRR,Hits@1,Hits@5,Hits@10
TransEUncertainty,datasets/UMLS_logical___with_confidence.csv,train_and_evaluate_softplus,100,50,16,1.0,nan,62.324654,0.051599365,0.019908116385911178,0.03828483920367534,0.0781010719754977
DistMultUncertainty,datasets/UMLS_logical___with_confidence.csv,train_and_evaluate_softplus,100,50,16,1.0,1.2232664663182653,68.36294,0.030287879,0.0,0.018376722817764167,0.055130168453292494
ComplExUncertainty,datasets/UMLS_logical___with_confidence.csv,train_and_evaluate_softplus,100,50,16,1.0,5.631844036928985,68.93261868300154,0.031639619545402606,0.0015313935681470138,0.02450229709035222,0.05053598774885146
TransE,UMLS,train_and_evaluate_softplus,100,50,16,N/A,0.1591037218373246,N/A,0.18446867167949677,0.0453857791225416,0.29425113464447805,0.5499243570347958
DistMult,UMLS,train_and_evaluate_softplus,100,50,16,N/A,0.522939008620619,N/A,0.19316013157367706,0.05370650529500756,0.3154311649016641,0.5416036308623298
ComplEx,UMLS,train_and_evaluate_softplus,100,50,16,N/A,0.28536142621395044,N/A,0.12480174005031586,0.0264750378214826,0.1422087745839637,0.3751891074130106
