Model,Dataset,Function,Epochs,Embedding Dims,Batch Size,Margin,Loss,Mean Rank,MRR,Hits@1,Hits@5,Hits@10
TransEUncertainty,datasets/UMLS_model__ComplEx_with_confidence.csv,train_and_evaluate_softplus,100,50,16,1.0,nan,62.324654,0.051599365,0.019908116385911178,0.03828483920367534,0.0781010719754977
DistMultUncertainty,datasets/UMLS_model__ComplEx_with_confidence.csv,train_and_evaluate_softplus,100,50,16,1.0,-0.010863204897917889,57.03522,0.04637165,0.0,0.05206738131699847,0.12098009188361408
ComplExUncertainty,datasets/UMLS_model__ComplEx_with_confidence.csv,train_and_evaluate_softplus,100,50,16,1.0,4.404301882842961,68.26952526799387,0.03770065487350182,0.007656967840735069,0.026033690658499236,0.05819295558958652
TransE,UMLS,train_and_evaluate_softplus,100,50,16,N/A,0.16350639076686344,N/A,0.1893720030784607,0.049924357034795766,0.29652042360060515,0.5521936459909228
DistMult,UMLS,train_and_evaluate_softplus,100,50,16,N/A,0.5181374490443914,N/A,0.20088285207748413,0.06278366111951589,0.3184568835098336,0.5635400907715582
ComplEx,UMLS,train_and_evaluate_softplus,100,50,16,N/A,0.28560417986537784,N/A,0.13364394009113312,0.02798789712556732,0.16263237518910742,0.4114977307110439
