Model,Dataset,Function,Epochs,Embedding Dims,Batch Size,Margin,Loss,Mean Rank,MRR,Hits@1,Hits@5,Hits@10
TransEUncertainty,datasets/UMLS_random_[0;0.5]__with_confidence.csv,train_and_evaluate_contrastive,100,50,16,1.0,0.2504531371852626,16.442574,0.13593331,0.013782542113323124,0.21592649310872894,0.41960183767228176
DistMultUncertainty,datasets/UMLS_random_[0;0.5]__with_confidence.csv,train_and_evaluate_contrastive,100,50,16,1.0,0.1956668089589347,60.30628,0.059377283,0.0015313935681470138,0.0903522205206738,0.17917304747320062
ComplExUncertainty,datasets/UMLS_random_[0;0.5]__with_confidence.csv,train_and_evaluate_contrastive,100,50,16,1.0,0.19406224092792557,22.96784073506891,0.10295790202459419,0.022970903522205207,0.11791730474732007,0.24655436447166923
TransE,UMLS,train_and_evaluate_contrastive,100,50,16,N/A,0.171253310025104,N/A,0.18187446892261505,0.04462934947049924,0.2987897125567322,0.5431164901664145
DistMult,UMLS,train_and_evaluate_contrastive,100,50,16,N/A,0.5175617368309045,N/A,0.1958279311656952,0.06278366111951589,0.2927382753403933,0.5582450832072617
ComplEx,UMLS,train_and_evaluate_contrastive,100,50,16,N/A,0.2842300673889602,N/A,0.13150654733181,0.024962178517397883,0.1686838124054463,0.3956127080181543
