Model,Dataset,Function,Epochs,Embedding Dims,Batch Size,Margin,Loss,Mean Rank,MRR,Hits@1,Hits@5,Hits@10
TransEUncertainty,datasets/UMLS_random_[0.5;1]__with_confidence.csv,train_and_evaluate,1,50,512,1.0,1301.6730295817058,66.04441,0.0406457,0.0015313935681470138,0.04134762633996937,0.07350689127105667
DistMultUncertainty,datasets/UMLS_random_[0.5;1]__with_confidence.csv,train_and_evaluate,1,50,512,1.0,1577.0774892171223,68.28024,0.03068542,0.0,0.02450229709035222,0.05359877488514548
ComplExUncertainty,datasets/UMLS_random_[0.5;1]__with_confidence.csv,train_and_evaluate,1,50,512,1.0,6.545038183530171,65.6094946401225,0.04154045721812882,0.006125574272588055,0.03828483920367534,0.08422664624808576
TransE,UMLS,train_and_evaluate,1,50,512,N/A,1.1019880338148638,N/A,0.035279758274555206,0.0,0.03177004538577912,0.06959152798789713
DistMult,UMLS,train_and_evaluate,1,50,512,N/A,1.027774908325889,N/A,0.0334206148982048,0.0037821482602118004,0.024205748865355523,0.059757942511346446
ComplEx,UMLS,train_and_evaluate,1,50,512,N/A,5.962287295948375,N/A,0.04042409732937813,0.00529500756429652,0.037065052950075644,0.07866868381240545
