Model,Dataset,Epochs,Embedding Dims,Batch Size,Margin,Loss,Mean Rank,MRR,Hits@1,Hits@5,Hits@10
TransEUncertainty,datasets/paper_bounded_UMLS.csv,5,6,16,1.0,196.67841990401107,56.91424,0.046200104,0.007656967840735069,0.04134762633996937,0.09341500765696784
DistMultUncertainty,datasets/paper_bounded_UMLS.csv,5,6,16,1.0,210.02672893245045,66.34609,0.032404467,0.0015313935681470138,0.022970903522205207,0.06431852986217458
ComplExUncertainty,datasets/paper_bounded_UMLS.csv,5,6,16,1.0,1.8152701563951446,69.52067381316998,0.04224920518999346,0.006125574272588055,0.0444104134762634,0.08269525267993874
RotatEUncertainty,datasets/paper_bounded_UMLS.csv,5,6,16,1.0,0.7658227304132973,39.693721771240234,0.08097938448190689,0.013782542113323124,0.09800918836140889,0.19601838290691376
TransE,UMLS,5,6,16,N/A,1.0350627849804113,N/A,0.04537779837846756,0.0113464447806354,0.0416036308623298,0.08698940998487141
DistMult,UMLS,5,6,16,N/A,1.0397988512106469,N/A,0.03987486660480499,0.007564296520423601,0.03177004538577912,0.07564296520423601
ComplEx,UMLS,5,6,16,N/A,1.389701927732105,N/A,0.03804248571395874,0.00529500756429652,0.0340393343419062,0.06656580937972768
RotatE,UMLS,5,6,16,N/A,0.7305170275682321,N/A,0.0834086611866951,0.01664145234493192,0.10892586989409984,0.20801815431164902
