Model,Dataset,Function,Epochs,Embedding Dims,Batch Size,Margin,Loss,Mean Rank,MRR,Hits@1,Hits@5,Hits@10
TransEUncertainty,datasets/UMLS_agree___with_confidence.csv,train_and_evaluate,1,50,16,1.0,10.18584614911157,61.03063,0.040610835,0.0,0.03215926493108729,0.08269525267993874
DistMultUncertainty,datasets/UMLS_agree___with_confidence.csv,train_and_evaluate,1,50,16,1.0,13.214937286370475,67.23583,0.031645562,0.0,0.030627871362940276,0.05972434915773354
ComplExUncertainty,datasets/UMLS_agree___with_confidence.csv,train_and_evaluate,1,50,16,1.0,1.5406122438852554,66.24655436447166,0.04854234228465428,0.010719754977029096,0.04747320061255743,0.0888208269525268
TransE,UMLS,train_and_evaluate,1,50,16,N/A,1.0400144493470163,N/A,0.04427361488342285,0.0,0.049167927382753406,0.10514372163388805
DistMult,UMLS,train_and_evaluate,1,50,16,N/A,1.0241973941311515,N/A,0.04678448662161827,0.014372163388804841,0.046142208774583963,0.0832072617246596
ComplEx,UMLS,train_and_evaluate,1,50,16,N/A,5.475484170431009,N/A,0.04438761621713638,0.0113464447806354,0.0416036308623298,0.07337367624810892
