Model,Dataset,Function,Epochs,Embedding Dims,Batch Size,Margin,Loss,Mean Rank,MRR,Hits@1,Hits@5,Hits@10
TransEUncertainty,datasets/paper_bounded_UMLS.csv,train_and_evaluate_gaussian,10,5,512,1.0,298737609.3333333,68.093414,0.03406808,0.0030627871362940277,0.02450229709035222,0.07350689127105667
DistMultUncertainty,datasets/paper_bounded_UMLS.csv,train_and_evaluate_gaussian,10,5,512,1.0,29573259.75,69.148544,0.053632878,0.016845329249617153,0.05819295558958652,0.0888208269525268
ComplExUncertainty,datasets/paper_bounded_UMLS.csv,train_and_evaluate_gaussian,10,5,512,1.0,60465639.333333336,69.54211332312404,0.046893768934595535,0.009188361408882083,0.05053598774885146,0.0903522205206738
TransE,UMLS,train_and_evaluate_gaussian,10,5,512,N/A,1.0951886718923396,N/A,0.03713209554553032,0.0030257186081694403,0.0340393343419062,0.0718608169440242
DistMult,UMLS,train_and_evaluate_gaussian,10,5,512,N/A,1.0733233907006003,N/A,0.04041117802262306,0.007564296520423601,0.037821482602118005,0.06883509833585477
