Model,Dataset,Function,Epochs,Embedding Dims,Batch Size,Margin,Loss,Mean Rank,MRR,Hits@1,Hits@5,Hits@10
TransEUncertainty,datasets/paper_bounded_UMLS.csv,train_and_evaluate,10,4,16,1.0,9.025271449238062,51.6049,0.05220301,0.009188361408882083,0.05359877488514548,0.0995405819295559
DistMultUncertainty,datasets/paper_bounded_UMLS.csv,train_and_evaluate,10,4,16,1.0,10.028725357159324,64.468605,0.037305463,0.0030627871362940277,0.033690658499234305,0.06278713629402756
ComplExUncertainty,datasets/paper_bounded_UMLS.csv,train_and_evaluate,10,4,16,1.0,0.9253255149106616,70.74119448698316,0.03177786788731587,0.0030627871362940277,0.019908116385911178,0.05819295558958652
RotatEUncertainty,datasets/paper_bounded_UMLS.csv,train_and_evaluate,10,4,16,1.0,0.42602011257701594,39.13016891479492,0.07590190321207047,0.009188361408882083,0.08575803981623277,0.20061255991458893
