Model,Dataset,Epochs,Embedding Dims,Batch Size,Margin,Loss,Mean Rank,MRR,Hits@1,Hits@5,Hits@10
TransEUncertainty,datasets/paper_bounded_UMLS.csv,100,50,512,1.0,4121.218684254243,38.961716,0.058779694,0.0,0.05819295558958652,0.16539050535987748
TransE,UMLS,100,50,512,N/A,0.18704845011234283,N/A,0.14868637919425964,0.024205748865355523,0.245839636913767,0.4659606656580938
