Model,Dataset,Function,Epochs,Embedding Dims,Batch Size,Margin,Loss,Mean Rank,MRR,Hits@1,Hits@5,Hits@10
TransEUncertainty,datasets/UMLS_model__ComplEx_with_confidence.csv,train_and_evaluate_divergence,100,50,16,1.0,0.304612312587383,64.27259,0.029878652,0.0,0.018376722817764167,0.045941807044410414
DistMultUncertainty,datasets/UMLS_model__ComplEx_with_confidence.csv,train_and_evaluate_divergence,100,50,16,1.0,0.00023036765481304863,44.831547,0.07091026,0.0,0.11179173047473201,0.19295558958652373
ComplExUncertainty,datasets/UMLS_model__ComplEx_with_confidence.csv,train_and_evaluate_divergence,100,50,16,1.0,0.9010655426460764,70.99540581929556,0.0339919874640706,0.0030627871362940277,0.027565084226646247,0.06891271056661562
TransE,UMLS,train_and_evaluate_divergence,100,50,16,N/A,0.15574503977971574,N/A,0.18787570297718048,0.046898638426626324,0.30786686838124055,0.5408472012102874
DistMult,UMLS,train_and_evaluate_divergence,100,50,16,N/A,0.5128929662558198,N/A,0.19516457617282867,0.06127080181543117,0.29425113464447805,0.5446293494704992
ComplEx,UMLS,train_and_evaluate_divergence,100,50,16,N/A,0.2918850326099279,N/A,0.12481409311294557,0.024962178517397883,0.14977307110438728,0.3691376701966717
