Model,Dataset,Function,Epochs,Embedding Dims,Batch Size,Margin,Loss,Mean Rank,MRR,Hits@1,Hits@5,Hits@10
TransEUncertainty,datasets/UMLS_average___with_confidence.csv,train_and_evaluate,1,50,512,1.0,647.796017964681,68.310875,0.032922685,0.0,0.03215926493108729,0.06584992343032159
DistMultUncertainty,datasets/UMLS_average___with_confidence.csv,train_and_evaluate,1,50,512,1.0,636.5835978190104,70.91577,0.03605119,0.0,0.04134762633996937,0.07197549770290965
ComplExUncertainty,datasets/UMLS_average___with_confidence.csv,train_and_evaluate,1,50,512,1.0,2.8557171622912088,65.26952526799387,0.04235612246251396,0.009188361408882083,0.033690658499234305,0.07350689127105667
TransE,UMLS,train_and_evaluate,1,50,512,N/A,1.1691808700561523,N/A,0.03160923346877098,0.0,0.028744326777609682,0.06505295007564296
DistMult,UMLS,train_and_evaluate,1,50,512,N/A,1.0278012427416714,N/A,0.048479482531547546,0.0113464447806354,0.04462934947049924,0.09228441754916793
ComplEx,UMLS,train_and_evaluate,1,50,512,N/A,5.615383885123513,N/A,0.04656701534986497,0.009833585476550681,0.0453857791225416,0.08850226928895613
