Model,Dataset,Function,Epochs,Embedding Dims,Batch Size,Margin,Loss,Mean Rank,MRR,Hits@1,Hits@5,Hits@10
TransEUncertainty,datasets/UMLS_model__TransE_with_confidence.csv,train_and_evaluate_divergence,100,50,16,1.0,0.31854412210700306,65.90812,0.03153128,0.0,0.022970903522205207,0.06431852986217458
DistMultUncertainty,datasets/UMLS_model__TransE_with_confidence.csv,train_and_evaluate_divergence,100,50,16,1.0,0.0003216376771097598,42.958652,0.07424205,0.0015313935681470138,0.09800918836140889,0.22358346094946402
ComplExUncertainty,datasets/UMLS_model__TransE_with_confidence.csv,train_and_evaluate_divergence,100,50,16,1.0,nan,62.324655436447166,0.051599365820314984,0.019908116385911178,0.03828483920367534,0.0781010719754977
TransE,UMLS,train_and_evaluate_divergence,100,50,16,N/A,0.1598545811110479,N/A,0.18799428641796112,0.046898638426626324,0.3010590015128593,0.5476550680786687
DistMult,UMLS,train_and_evaluate_divergence,100,50,16,N/A,0.5301032597484764,N/A,0.19756734371185303,0.056732223903177004,0.3199697428139183,0.5544629349470499
ComplEx,UMLS,train_and_evaluate_divergence,100,50,16,N/A,0.28675640287574816,N/A,0.1330890953540802,0.030257186081694403,0.16944024205748864,0.3978819969742814
