Model,Dataset,Epochs,Embedding Dims,Batch Size,Margin,Loss,Mean Rank,MRR,Hits@1,Hits@5,Hits@10
TransEUncertainty,datasets/paper_bounded_UMLS.csv,200,100,512,1.0,3409.1671244303384,31.732006,0.08148648,0.0,0.10413476263399694,0.21439509954058192
TransE,UMLS,200,100,512,N/A,0.1446020765738054,N/A,0.13139982521533966,0.014372163388804841,0.20726172465960666,0.43343419062027233
