Model,Dataset,Function,Epochs,Embedding Dims,Batch Size,Margin,Loss,Mean Rank,MRR,Hits@1,Hits@5,Hits@10
TransEUncertainty,datasets/paper_bounded_UMLS.csv,train_and_evaluate_loss,10,5,512,1.0,246.22906239827475,68.185295,0.030996475,0.0015313935681470138,0.022970903522205207,0.06125574272588055
DistMultUncertainty,datasets/paper_bounded_UMLS.csv,train_and_evaluate_loss,10,5,512,1.0,239.07379341125488,62.762634,0.043477133,0.009188361408882083,0.03522205206738132,0.08575803981623277
ComplExUncertainty,datasets/paper_bounded_UMLS.csv,train_and_evaluate_loss,10,5,512,1.0,0.9031967520713806,69.13169984686064,0.04322620464428756,0.007656967840735069,0.042879019908116385,0.0781010719754977
TransE,UMLS,train_and_evaluate_loss,10,5,512,N/A,1.0588043603030117,N/A,0.04054310545325279,0.007564296520423601,0.03252647503782148,0.07110438729198185
DistMult,UMLS,train_and_evaluate_loss,10,5,512,N/A,1.0775603597814387,N/A,0.03836178034543991,0.0037821482602118004,0.03328290468986384,0.08093797276853253
ComplEx,UMLS,train_and_evaluate_loss,10,5,512,N/A,1.7598077275536277,N/A,0.047181885689496994,0.0113464447806354,0.046142208774583963,0.09304084720121028
