Model,Dataset,Function,Epochs,Embedding Dims,Batch Size,Margin,Loss,Mean Rank,MRR,Hits@1,Hits@5,Hits@10
TransEUncertainty,datasets/UMLS_ranked_appearances___with_confidence.csv,train_and_evaluate_contrastive,100,50,16,1.0,0.2753903739478277,17.228178,0.14832272,0.030627871362940276,0.222052067381317,0.3874425727411945
DistMultUncertainty,datasets/UMLS_ranked_appearances___with_confidence.csv,train_and_evaluate_contrastive,100,50,16,1.0,0.23395142219859458,52.10107,0.060165614,0.0,0.0781010719754977,0.17304747320061256
ComplExUncertainty,datasets/UMLS_ranked_appearances___with_confidence.csv,train_and_evaluate_contrastive,100,50,16,1.0,6.2451572651448455,70.52067381316998,0.040794074071126854,0.010719754977029096,0.033690658499234305,0.07656967840735068
TransE,UMLS,train_and_evaluate_contrastive,100,50,16,N/A,0.15697380918666629,N/A,0.18169225752353668,0.04387291981845688,0.29954614220877457,0.5423600605143721
DistMult,UMLS,train_and_evaluate_contrastive,100,50,16,N/A,0.5279415445459401,N/A,0.19178414344787598,0.049924357034795766,0.3184568835098336,0.5453857791225416
ComplEx,UMLS,train_and_evaluate_contrastive,100,50,16,N/A,0.27952820963106273,N/A,0.12306275963783263,0.018910741301059002,0.1475037821482602,0.39636913767019666
