Model,Dataset,Function,Epochs,Embedding Dims,Batch Size,Margin,Loss,Mean Rank,MRR,Hits@1,Hits@5,Hits@10
TransEUncertainty,datasets/UMLS_ranked_appearances___with_confidence.csv,train_and_evaluate,1,50,16,1.0,29.682992981827777,62.866768,0.039924715,0.0,0.036753445635528334,0.08575803981623277
DistMultUncertainty,datasets/UMLS_ranked_appearances___with_confidence.csv,train_and_evaluate,1,50,16,1.0,35.60849298990291,68.8928,0.041447315,0.0,0.0444104134762634,0.0995405819295559
ComplExUncertainty,datasets/UMLS_ranked_appearances___with_confidence.csv,train_and_evaluate,1,50,16,1.0,4.107393488125957,69.65237366003063,0.038752309817627756,0.006125574272588055,0.03828483920367534,0.07350689127105667
TransE,UMLS,train_and_evaluate,1,50,16,N/A,1.0910450583952336,N/A,0.04762258380651474,0.0,0.059757942511346446,0.12405446293494705
DistMult,UMLS,train_and_evaluate,1,50,16,N/A,1.0246401758281731,N/A,0.03608214855194092,0.00529500756429652,0.0264750378214826,0.057488653555219364
ComplEx,UMLS,train_and_evaluate,1,50,16,N/A,5.5174334495345505,N/A,0.04523761570453644,0.0113464447806354,0.04084720121028744,0.0907715582450832
