Model,Dataset,Function,Epochs,Embedding Dims,Batch Size,Margin,Loss,Mean Rank,MRR,Hits@1,Hits@5,Hits@10
TransEUncertainty,datasets/paper_logistic_UMLS.csv,train_and_evaluate_softplus,100,50,16,1.0,nan,62.324654,0.051599365,0.019908116385911178,0.03828483920367534,0.0781010719754977
DistMultUncertainty,datasets/paper_logistic_UMLS.csv,train_and_evaluate_softplus,100,50,16,1.0,0.7460096530292345,71.84074,0.028932853,0.0,0.02450229709035222,0.05053598774885146
ComplExUncertainty,datasets/paper_logistic_UMLS.csv,train_and_evaluate_softplus,100,50,16,1.0,6.134050631004831,70.08728943338438,0.03284598062947106,0.0030627871362940277,0.027565084226646247,0.05359877488514548
TransE,UMLS,train_and_evaluate_softplus,100,50,16,N/A,0.15573385202445866,N/A,0.17640525102615356,0.036308623298033284,0.2866868381240545,0.5408472012102874
DistMult,UMLS,train_and_evaluate_softplus,100,50,16,N/A,0.5320257550916789,N/A,0.19606542587280273,0.060514372163388806,0.3086232980332829,0.5484114977307111
ComplEx,UMLS,train_and_evaluate_softplus,100,50,16,N/A,0.2922118130865638,N/A,0.13152679800987244,0.023449319213313162,0.17927382753403934,0.4062027231467474
