Model,Dataset,Function,Epochs,Embedding Dims,Batch Size,Margin,Loss,Mean Rank,MRR,Hits@1,Hits@5,Hits@10
TransEUncertainty,datasets/UMLS_model__ComplEx_with_confidence.csv,train_and_evaluate_gaussian,100,50,16,1.0,3.26259070051753,19.558958,0.17495465,0.05359877488514548,0.26186830015313933,0.4349157733537519
DistMultUncertainty,datasets/UMLS_model__ComplEx_with_confidence.csv,train_and_evaluate_gaussian,100,50,16,1.0,35.249875413982764,47.445637,0.06712418,0.004594180704441042,0.08116385911179173,0.2006125574272588
ComplExUncertainty,datasets/UMLS_model__ComplEx_with_confidence.csv,train_and_evaluate_gaussian,100,50,16,1.0,nan,62.324655436447166,0.051599365820314984,0.019908116385911178,0.03828483920367534,0.0781010719754977
TransE,UMLS,train_and_evaluate_gaussian,100,50,16,N/A,0.1712742680055232,N/A,0.19076308608055115,0.049924357034795766,0.3010590015128593,0.546142208774584
DistMult,UMLS,train_and_evaluate_gaussian,100,50,16,N/A,0.5125554789977571,N/A,0.19046495854854584,0.05597579425113464,0.3093797276853253,0.5408472012102874
ComplEx,UMLS,train_and_evaluate_gaussian,100,50,16,N/A,0.28877084050898905,N/A,0.11945561319589615,0.018154311649016642,0.1422087745839637,0.3751891074130106
