Model,Dataset,Function,Epochs,Embedding Dims,Batch Size,Margin,Loss,Mean Rank,MRR,Hits@1,Hits@5,Hits@10
TransEUncertainty,datasets/paper_bounded_UMLS.csv,train_and_evaluate_neg_confidences_cosukg,1,50,16,1.0,492.8178054664446,59.202145,0.045245796,0.0,0.042879019908116385,0.0995405819295559
DistMultUncertainty,datasets/paper_bounded_UMLS.csv,train_and_evaluate_neg_confidences_cosukg,1,50,16,1.0,609.4565588080364,67.37519,0.036439635,0.0,0.02909647779479326,0.08575803981623277
ComplExUncertainty,datasets/paper_bounded_UMLS.csv,train_and_evaluate_neg_confidences_cosukg,1,50,16,1.0,7.457694378236066,65.86676875957122,0.04533116147223262,0.010719754977029096,0.039816232771822356,0.08728943338437979
TransE,UMLS,train_and_evaluate_neg_confidences_cosukg,1,50,16,N/A,1.0698732670647966,N/A,0.04251581430435181,0.0,0.048411497730711045,0.1021180030257186
DistMult,UMLS,train_and_evaluate_neg_confidences_cosukg,1,50,16,N/A,1.024509293170063,N/A,0.039913587272167206,0.006051437216338881,0.03252647503782148,0.07791225416036308
ComplEx,UMLS,train_and_evaluate_neg_confidences_cosukg,1,50,16,N/A,5.543113698622932,N/A,0.03934307396411896,0.0037821482602118004,0.0416036308623298,0.07564296520423601
