Model,Dataset,Function,Epochs,Embedding Dims,Batch Size,Margin,Loss,Mean Rank,MRR,Hits@1,Hits@5,Hits@10
softplus,datasets/paper_bounded_UMLS.csv,train_complex_with_different_losses,10,4,16,1.0,17.09027484973073,66.77794793261869,0.04117111253560357,0.009188361408882083,0.03828483920367534,0.07197549770290965
gaussian,datasets/paper_bounded_UMLS.csv,train_complex_with_different_losses,10,4,16,1.0,nan,62.324655436447166,0.051599365820314984,0.019908116385911178,0.03828483920367534,0.0781010719754977
contrastive,datasets/paper_bounded_UMLS.csv,train_complex_with_different_losses,10,4,16,1.0,nan,62.324655436447166,0.051599365820314984,0.019908116385911178,0.03828483920367534,0.0781010719754977
divergence,datasets/paper_bounded_UMLS.csv,train_complex_with_different_losses,10,4,16,1.0,nan,62.324655436447166,0.051599365820314984,0.019908116385911178,0.03828483920367534,0.0781010719754977
objective_function,datasets/paper_bounded_UMLS.csv,train_complex_with_different_losses,10,4,16,1.0,nan,62.324655436447166,0.051599365820314984,0.019908116385911178,0.03828483920367534,0.0781010719754977
