Model,Dataset,Function,Epochs,Embedding Dims,Batch Size,Margin,Loss,Mean Rank,MRR,Hits@1,Hits@5,Hits@10
TransEUncertainty,datasets/UMLS_model__DistMult_with_confidence.csv,train_and_evaluate_contrastive,100,50,16,1.0,0.24784617644289267,16.159266,0.14834397,0.021439509954058193,0.24042879019908117,0.41960183767228176
DistMultUncertainty,datasets/UMLS_model__DistMult_with_confidence.csv,train_and_evaluate_contrastive,100,50,16,1.0,0.38498486262624676,50.04594,0.06481654,0.0,0.0903522205206738,0.17611026033690658
ComplExUncertainty,datasets/UMLS_model__DistMult_with_confidence.csv,train_and_evaluate_contrastive,100,50,16,1.0,0.21196569914362676,20.895865237366003,0.0997001994029582,0.021439509954058193,0.0903522205206738,0.2664624808575804
TransE,UMLS,train_and_evaluate_contrastive,100,50,16,N/A,0.16080154149444556,N/A,0.18427085876464844,0.04311649016641452,0.29425113464447805,0.5242057488653555
DistMult,UMLS,train_and_evaluate_contrastive,100,50,16,N/A,0.5218277108267041,N/A,0.1853700429201126,0.046898638426626324,0.3146747352496218,0.5393343419062028
ComplEx,UMLS,train_and_evaluate_contrastive,100,50,16,N/A,0.27845075139147374,N/A,0.14222930371761322,0.03177004538577912,0.18229954614220878,0.42208774583963693
