Model,Dataset,Epochs,Embedding Dims,Batch Size,Margin,Loss,Mean Rank,MRR,Hits@1,Hits@5,Hits@10
TransEUncertainty,datasets/paper_bounded_UMLS.csv,200,100,512,1.0,221.48009490966797,27.558958,0.09418093,0.0,0.1362940275650842,0.2572741194486983
TransE,UMLS,200,100,512,N/A,0.14397051591764798,N/A,0.1308874636888504,0.009833585476550681,0.2065052950075643,0.424357034795764
