Model,Dataset,Function,Epochs,Embedding Dims,Batch Size,Margin,Loss,Mean Rank,MRR,Hits@1,Hits@5,Hits@10
TransEUncertainty,datasets/UMLS_model__DistMult_with_confidence.csv,train_and_evaluate,10,4,16,1.0,7.9605619055421455,50.618683,0.06048764,0.018376722817764167,0.05053598774885146,0.12404287901990811
DistMultUncertainty,datasets/UMLS_model__DistMult_with_confidence.csv,train_and_evaluate,10,4,16,1.0,9.069093746011673,68.74732,0.038078867,0.004594180704441042,0.030627871362940276,0.07503828483920368
ComplExUncertainty,datasets/UMLS_model__DistMult_with_confidence.csv,train_and_evaluate,10,4,16,1.0,0.9111899392598349,65.80551301684532,0.034810662838558916,0.0015313935681470138,0.027565084226646247,0.07963246554364471
RotatEUncertainty,datasets/UMLS_model__DistMult_with_confidence.csv,train_and_evaluate,10,4,16,1.0,0.2924229635897538,33.010719299316406,0.09820538759231567,0.018376722817764167,0.1225114854517611,0.2710566520690918
TransE,train_and_evaluate,UMLS,10,4,16,N/A,0.9386775982709019,N/A,0.0575605146586895,0.018154311649016642,0.05143721633888049,0.10136157337367625
DistMult,train_and_evaluate,UMLS,10,4,16,N/A,1.0143524468676444,N/A,0.03912578150629997,0.00529500756429652,0.03252647503782148,0.07639939485627836
ComplEx,train_and_evaluate,UMLS,10,4,16,N/A,0.8515861756596829,N/A,0.03273111581802368,0.0030257186081694403,0.02042360060514372,0.056732223903177004
RotatE,train_and_evaluate,UMLS,10,4,16,N/A,0.6968388036350531,N/A,0.07954609394073486,0.014372163388804841,0.09682299546142209,0.2087745839636914
