Model,Dataset,Function,Epochs,Embedding Dims,Batch Size,Margin,Loss,Mean Rank,MRR,Hits@1,Hits@5,Hits@10
TransEUncertainty,datasets/UMLS_random_[0.5;1]__with_confidence.csv,train_and_evaluate,10,4,16,1.0,12.857414920044983,52.442574,0.057389285,0.013782542113323124,0.05206738131699847,0.11791730474732007
DistMultUncertainty,datasets/UMLS_random_[0.5;1]__with_confidence.csv,train_and_evaluate,10,4,16,1.0,12.344729887078637,60.179173,0.04475117,0.006125574272588055,0.039816232771822356,0.08575803981623277
ComplExUncertainty,datasets/UMLS_random_[0.5;1]__with_confidence.csv,train_and_evaluate,10,4,16,1.0,1.1871400261702745,69.65543644716692,0.04076754647057359,0.009188361408882083,0.036753445635528334,0.06431852986217458
RotatEUncertainty,datasets/UMLS_random_[0.5;1]__with_confidence.csv,train_and_evaluate,10,4,16,1.0,0.5430226019057243,37.231239318847656,0.07936897873878479,0.018376722817764167,0.07350689127105667,0.1914241909980774
TransE,train_and_evaluate,UMLS,10,4,16,N/A,1.004369743214063,N/A,0.04535921290516853,0.0045385779122541605,0.057488653555219364,0.09606656580937972
DistMult,train_and_evaluate,UMLS,10,4,16,N/A,1.0172490824950984,N/A,0.04838362708687782,0.01059001512859304,0.048411497730711045,0.0907715582450832
ComplEx,train_and_evaluate,UMLS,10,4,16,N/A,0.8341100268934402,N/A,0.033484283834695816,0.0030257186081694403,0.023449319213313162,0.06354009077155824
RotatE,train_and_evaluate,UMLS,10,4,16,N/A,0.6720616155606838,N/A,0.07806088030338287,0.00832072617246596,0.08925869894099848,0.22844175491679275
