Model,Dataset,Function,Epochs,Embedding Dims,Batch Size,Margin,Loss,Mean Rank,MRR,Hits@1,Hits@5,Hits@10
TransEUncertainty,datasets/UMLS_agree___with_confidence.csv,train_and_evaluate_divergence,100,50,16,1.0,0.3313467051712391,66.843796,0.031982813,0.0,0.018376722817764167,0.05819295558958652
DistMultUncertainty,datasets/UMLS_agree___with_confidence.csv,train_and_evaluate_divergence,100,50,16,1.0,0.00030760521843584013,42.124043,0.08176721,0.0015313935681470138,0.12710566615620214,0.24961715160796324
ComplExUncertainty,datasets/UMLS_agree___with_confidence.csv,train_and_evaluate_divergence,100,50,16,1.0,0.8232090718558301,66.96324655436447,0.039176355201751806,0.004594180704441042,0.03215926493108729,0.08575803981623277
TransE,UMLS,train_and_evaluate_divergence,100,50,16,N/A,0.1585834458744599,N/A,0.18633957207202914,0.05521936459909228,0.291981845688351,0.5363086232980333
DistMult,UMLS,train_and_evaluate_divergence,100,50,16,N/A,0.5140062330142121,N/A,0.19447647035121918,0.05446293494704992,0.3199697428139183,0.5590015128593041
ComplEx,UMLS,train_and_evaluate_divergence,100,50,16,N/A,0.28772962852124057,N/A,0.13190068304538727,0.02798789712556732,0.16187594553706505,0.39636913767019666
