Model,Dataset,Function,Epochs,Embedding Dims,Batch Size,Margin,Loss,Mean Rank,MRR,Hits@1,Hits@5,Hits@10
TransEUncertainty,datasets/UMLS_model__DistMult_with_confidence.csv,train_and_evaluate_neg_confidences_cosukg,1,50,16,1.0,560.9435635027678,61.992344,0.038230218,0.0,0.03522205206738132,0.09188361408882083
DistMultUncertainty,datasets/UMLS_model__DistMult_with_confidence.csv,train_and_evaluate_neg_confidences_cosukg,1,50,16,1.0,673.7019906251327,68.13936,0.031983934,0.0,0.021439509954058193,0.06431852986217458
ComplExUncertainty,datasets/UMLS_model__DistMult_with_confidence.csv,train_and_evaluate_neg_confidences_cosukg,1,50,16,1.0,7.648139187499233,68.74425727411945,0.04211855278105019,0.007656967840735069,0.039816232771822356,0.09188361408882083
TransE,UMLS,train_and_evaluate_neg_confidences_cosukg,1,50,16,N/A,1.0667386543165687,N/A,0.04401073232293129,0.0,0.05446293494704992,0.1059001512859304
DistMult,UMLS,train_and_evaluate_neg_confidences_cosukg,1,50,16,N/A,1.024781207731165,N/A,0.04449435696005821,0.006051437216338881,0.048411497730711045,0.08850226928895613
ComplEx,UMLS,train_and_evaluate_neg_confidences_cosukg,1,50,16,N/A,5.70089699812462,N/A,0.04047110304236412,0.00832072617246596,0.037065052950075644,0.08774583963691376
