Model,Dataset,Function,Epochs,Embedding Dims,Batch Size,Margin,Loss,Mean Rank,MRR,Hits@1,Hits@5,Hits@10
TransEUncertainty,datasets/UMLS_model__DistMult_with_confidence.csv,train_and_evaluate,1,50,16,1.0,33.98693278561468,66.03216,0.03660004,0.0,0.02909647779479326,0.0903522205206738
DistMultUncertainty,datasets/UMLS_model__DistMult_with_confidence.csv,train_and_evaluate,1,50,16,1.0,37.57517407381016,64.395096,0.039507665,0.0,0.04900459418070444,0.08116385911179173
ComplExUncertainty,datasets/UMLS_model__DistMult_with_confidence.csv,train_and_evaluate,1,50,16,1.0,4.4115679477867875,67.75038284839204,0.04166125619973364,0.009188361408882083,0.036753445635528334,0.06891271056661562
TransE,UMLS,train_and_evaluate,1,50,16,N/A,1.1140703866086854,N/A,0.03685791790485382,0.0,0.03177004538577912,0.06883509833585477
DistMult,UMLS,train_and_evaluate,1,50,16,N/A,1.024236084859064,N/A,0.03815203532576561,0.006051437216338881,0.03328290468986384,0.07337367624810892
ComplEx,UMLS,train_and_evaluate,1,50,16,N/A,5.358801347346394,N/A,0.03974706679582596,0.007564296520423601,0.03479576399394856,0.06656580937972768
