Model,Dataset,Function,Epochs,Embedding Dims,Batch Size,Margin,Loss,Mean Rank,MRR,Hits@1,Hits@5,Hits@10
TransEUncertainty,datasets/UMLS_model__TransE_with_confidence.csv,train_and_evaluate,10,4,16,1.0,3.467687928563227,56.442574,0.048222598,0.009188361408882083,0.045941807044410414,0.08422664624808576
DistMultUncertainty,datasets/UMLS_model__TransE_with_confidence.csv,train_and_evaluate,10,4,16,1.0,4.363547706409641,66.94946,0.03955229,0.007656967840735069,0.03522205206738132,0.07656967840735068
ComplExUncertainty,datasets/UMLS_model__TransE_with_confidence.csv,train_and_evaluate,10,4,16,1.0,0.2776743719435256,68.7947932618683,0.03203599286062433,0.0030627871362940277,0.021439509954058193,0.05819295558958652
RotatEUncertainty,datasets/UMLS_model__TransE_with_confidence.csv,train_and_evaluate,10,4,16,1.0,0.1462616559178771,40.95405960083008,0.05718047916889191,0.006125574272588055,0.04900459418070444,0.11485451459884644
TransE,train_and_evaluate,UMLS,10,4,16,N/A,0.922710682351165,N/A,0.057919129729270935,0.01059001512859304,0.06429652042360061,0.12254160363086233
DistMult,train_and_evaluate,UMLS,10,4,16,N/A,1.0194988634688722,N/A,0.03596745431423187,0.0030257186081694403,0.03328290468986384,0.06505295007564296
ComplEx,train_and_evaluate,UMLS,10,4,16,N/A,0.8538581418113474,N/A,0.03259817883372307,0.0037821482602118004,0.02118003025718608,0.05143721633888049
RotatE,train_and_evaluate,UMLS,10,4,16,N/A,0.6677319762165561,N/A,0.08928274363279343,0.0226928895612708,0.10816944024205749,0.2178517397881997
