Model,Dataset,Function,Epochs,Embedding Dims,Batch Size,Margin,Loss,Mean Rank,MRR,Hits@1,Hits@5,Hits@10
TransEUncertainty,datasets/paper_bounded_UMLS.csv,train_and_evaluate_contrastive,10,5,512,1.0,1.4731018642584484,68.741196,0.038031593,0.007656967840735069,0.02909647779479326,0.06278713629402756
DistMultUncertainty,datasets/paper_bounded_UMLS.csv,train_and_evaluate_contrastive,10,5,512,1.0,1.6001863578955333,66.70291,0.04350644,0.009188361408882083,0.03522205206738132,0.07656967840735068
ComplExUncertainty,datasets/paper_bounded_UMLS.csv,train_and_evaluate_contrastive,10,5,512,1.0,2.6584794918696084,68.92955589586524,0.035553532739198736,0.0030627871362940277,0.030627871362940276,0.06738131699846861
TransE,UMLS,train_and_evaluate_contrastive,10,5,512,N/A,1.1447835727171465,N/A,0.042110294103622437,0.00832072617246596,0.040090771558245086,0.08472012102874432
DistMult,UMLS,train_and_evaluate_contrastive,10,5,512,N/A,1.0748694918372415,N/A,0.039244502782821655,0.007564296520423601,0.03328290468986384,0.06656580937972768
ComplEx,UMLS,train_and_evaluate_contrastive,10,5,512,N/A,1.578850887038491,N/A,0.03671370446681976,0.0045385779122541605,0.03479576399394856,0.0680786686838124
