Model,Dataset,Epochs,Embedding Dims,Batch Size,Margin,Loss,Mean Rank,MRR,Hits@1,Hits@5,Hits@10
TransEUncertainty,datasets/paper_bounded_UMLS.csv,100,50,512,1.0,4053.1655883789062,37.013783,0.07205932,0.0,0.10719754977029096,0.20673813169984687
TransE,UMLS,100,50,512,N/A,0.17539054019884628,N/A,0.15157736837863922,0.025718608169440244,0.23827534039334342,0.462178517397882
