Model,Dataset,Epochs,Embedding Dims,Batch Size,Margin,Loss,Mean Rank,MRR,Hits@1,Hits@5,Hits@10
BestModelFromCV,datasets/paper_bounded_UMLS.csv,5,10,16,1.0,,60.444103,0.0425307,0.007656967840735069,0.02450229709035222,0.08269525267993874
TransE,UMLS,5,10,16,N/A,0.9528424176701739,N/A,0.0555390827357769,0.01588502269288956,0.05446293494704992,0.10514372163388805
