Model,Dataset,Function,Epochs,Embedding Dims,Batch Size,Margin,Loss,Mean Rank,MRR,Hits@1,Hits@5,Hits@10
TransEUncertainty,datasets/UMLS_appearances___with_confidence.csv,train_and_evaluate,1,50,512,1.0,163.99828720092773,72.880554,0.031687208,0.0,0.03828483920367534,0.06431852986217458
DistMultUncertainty,datasets/UMLS_appearances___with_confidence.csv,train_and_evaluate,1,50,512,1.0,171.6971867879232,66.0291,0.03842994,0.0,0.039816232771822356,0.07503828483920368
ComplExUncertainty,datasets/UMLS_appearances___with_confidence.csv,train_and_evaluate,1,50,512,1.0,0.6466310620307922,68.70444104134762,0.03950460061080016,0.009188361408882083,0.03215926493108729,0.06738131699846861
TransE,UMLS,train_and_evaluate,1,50,512,N/A,1.1086108034307307,N/A,0.03944167122244835,0.0,0.040090771558245086,0.08018154311649017
DistMult,UMLS,train_and_evaluate,1,50,512,N/A,1.0278748924081975,N/A,0.03659055009484291,0.0037821482602118004,0.03555219364599092,0.06580937972768533
ComplEx,UMLS,train_and_evaluate,1,50,512,N/A,5.7074738849293105,N/A,0.03745046257972717,0.0045385779122541605,0.03479576399394856,0.06656580937972768
