Model,Dataset,Function,Epochs,Embedding Dims,Batch Size,Margin,Loss,Mean Rank,MRR,Hits@1,Hits@5,Hits@10
TransEUncertainty,datasets/paper_bounded_UMLS.csv,train_and_evaluate_objective,10,5,512,1.0,0.13305038710435232,66.2098,0.04005817,0.004594180704441042,0.036753445635528334,0.07350689127105667
DistMultUncertainty,datasets/paper_bounded_UMLS.csv,train_and_evaluate_objective,10,5,512,1.0,0.15842132518688837,68.56355,0.034261607,0.0,0.027565084226646247,0.07197549770290965
ComplExUncertainty,datasets/paper_bounded_UMLS.csv,train_and_evaluate_objective,10,5,512,1.0,0.34467026591300964,66.18683001531393,0.03750011354834901,0.004594180704441042,0.03215926493108729,0.06278713629402756
TransE,UMLS,train_and_evaluate_objective,10,5,512,N/A,1.0653174194422634,N/A,0.041433561593294144,0.00832072617246596,0.036308623298033284,0.08018154311649017
DistMult,UMLS,train_and_evaluate_objective,10,5,512,N/A,1.0743606198917737,N/A,0.041558317840099335,0.007564296520423601,0.038577912254160365,0.0718608169440242
ComplEx,UMLS,train_and_evaluate_objective,10,5,512,N/A,1.558148275722157,N/A,0.044335007667541504,0.01059001512859304,0.04387291981845688,0.09001512859304085
