Model,Dataset,Function,Epochs,Embedding Dims,Batch Size,Margin,Loss,Mean Rank,MRR,Hits@1,Hits@5,Hits@10
TransEUncertainty,datasets/paper_bounded_UMLS.csv,train_and_evaluate_neg_confidences_similarity,10,4,16,1.0,134.13073670582853,51.793262,0.059498843,0.013782542113323124,0.06584992343032159,0.12863705972434916
DistMultUncertainty,datasets/paper_bounded_UMLS.csv,train_and_evaluate_neg_confidences_similarity,10,4,16,1.0,176.53870800755527,70.95712,0.036702428,0.006125574272588055,0.030627871362940276,0.06584992343032159
ComplExUncertainty,datasets/paper_bounded_UMLS.csv,train_and_evaluate_neg_confidences_similarity,10,4,16,1.0,1.14538299905398,66.77947932618683,0.04476942960320997,0.01225114854517611,0.03522205206738132,0.0781010719754977
RotatEUncertainty,datasets/paper_bounded_UMLS.csv,train_and_evaluate_neg_confidences_similarity,10,4,16,1.0,0.8238942343242768,41.89280319213867,0.08636803179979324,0.02909647779479326,0.09800918836140889,0.18989279866218567
TransE,UMLS,train_and_evaluate_neg_confidences_similarity,10,4,16,N/A,0.8577202451558201,N/A,0.067559152841568,0.01588502269288956,0.08169440242057488,0.1422087745839637
DistMult,UMLS,train_and_evaluate_neg_confidences_similarity,10,4,16,N/A,1.021792369020497,N/A,0.03747475519776344,0.0030257186081694403,0.039334341906202726,0.07337367624810892
ComplEx,UMLS,train_and_evaluate_neg_confidences_similarity,10,4,16,N/A,0.8849593724575511,N/A,0.03435712307691574,0.0045385779122541605,0.0264750378214826,0.0529500756429652
RotatE,UMLS,train_and_evaluate_neg_confidences_similarity,10,4,16,N/A,0.6713520669224072,N/A,0.08899369835853577,0.02042360060514372,0.09909228441754916,0.22617246596066565
