Model,Dataset,Function,Epochs,Embedding Dims,Batch Size,Margin,Loss,Mean Rank,MRR,Hits@1,Hits@5,Hits@10
TransEUncertainty,datasets/paper_logistic_UMLS.csv,train_and_evaluate,10,4,16,1.0,10.13031249396179,49.523735,0.061770756,0.009188361408882083,0.06584992343032159,0.1439509954058193
DistMultUncertainty,datasets/paper_logistic_UMLS.csv,train_and_evaluate,10,4,16,1.0,10.783198424007582,64.72588,0.04056831,0.007656967840735069,0.036753445635528334,0.07503828483920368
ComplExUncertainty,datasets/paper_logistic_UMLS.csv,train_and_evaluate,10,4,16,1.0,0.9503265745613886,68.85758039816233,0.03383472142873879,0.0030627871362940277,0.030627871362940276,0.05666156202143951
RotatEUncertainty,datasets/paper_logistic_UMLS.csv,train_and_evaluate,10,4,16,1.0,0.3893265801522395,29.465543746948242,0.10355354845523834,0.026033690658499236,0.13169984686064318,0.24961714446544647
TransE,train_and_evaluate,UMLS,10,4,16,N/A,0.870491712645519,N/A,0.059821702539920814,0.014372163388804841,0.06429652042360061,0.12329803328290469
DistMult,train_and_evaluate,UMLS,10,4,16,N/A,1.0206734311361254,N/A,0.04371756315231323,0.00680786686838124,0.04387291981845688,0.08169440242057488
ComplEx,train_and_evaluate,UMLS,10,4,16,N/A,0.8561205037532409,N/A,0.030460156500339508,0.0037821482602118004,0.01664145234493192,0.046142208774583963
RotatE,train_and_evaluate,UMLS,10,4,16,N/A,0.6733328507173281,N/A,0.09560287743806839,0.024962178517397883,0.12254160363086233,0.2344931921331316
