Model,Dataset,Function,Epochs,Embedding Dims,Batch Size,Margin,Loss,Mean Rank,MRR,Hits@1,Hits@5,Hits@10
TransEUncertainty,datasets/UMLS_logical___with_confidence.csv,train_and_evaluate_gaussian,100,50,16,1.0,2.0022773146629333,20.145483,0.17261535,0.05053598774885146,0.27105666156202146,0.45941807044410415
DistMultUncertainty,datasets/UMLS_logical___with_confidence.csv,train_and_evaluate_gaussian,100,50,16,1.0,56.76371191652573,43.148544,0.07474623,0.0030627871362940277,0.09647779479326186,0.2450229709035222
ComplExUncertainty,datasets/UMLS_logical___with_confidence.csv,train_and_evaluate_gaussian,100,50,16,1.0,nan,62.324655436447166,0.051599365820314984,0.019908116385911178,0.03828483920367534,0.0781010719754977
TransE,UMLS,train_and_evaluate_gaussian,100,50,16,N/A,0.1563121903162061,N/A,0.18759155273437497,0.05143721633888049,0.28517397881996975,0.5279878971255674
DistMult,UMLS,train_and_evaluate_gaussian,100,50,16,N/A,0.5243219022004882,N/A,0.19258391857147217,0.05446293494704992,0.3154311649016641,0.56732223903177
ComplEx,UMLS,train_and_evaluate_gaussian,100,50,16,N/A,0.27624100645535565,N/A,0.13147254288196564,0.0226928895612708,0.16565809379727686,0.386535552193646
