Model,Dataset,Function,Epochs,Embedding Dims,Batch Size,Margin,Loss,Mean Rank,MRR,Hits@1,Hits@5,Hits@10
TransEUncertainty,datasets/paper_bounded_UMLS.csv,train_and_evaluate_gaussian,1,50,16,1.0,1292.401815497357,59.839203,0.04027415,0.0,0.045941807044410414,0.09188361408882083
DistMultUncertainty,datasets/paper_bounded_UMLS.csv,train_and_evaluate_gaussian,1,50,16,1.0,844971.6464549588,73.245026,0.029355662,0.0,0.022970903522205207,0.05819295558958652
ComplExUncertainty,datasets/paper_bounded_UMLS.csv,train_and_evaluate_gaussian,1,50,16,1.0,nan,62.324655436447166,0.051599365820314984,0.019908116385911178,0.03828483920367534,0.0781010719754977
TransE,UMLS,train_and_evaluate_gaussian,1,50,16,N/A,1.083858712867725,N/A,0.04358214884996414,0.0,0.04462934947049924,0.09984871406959153
DistMult,UMLS,train_and_evaluate_gaussian,1,50,16,N/A,1.0243498291706015,N/A,0.04440423473715782,0.009077155824508321,0.04311649016641452,0.08093797276853253
ComplEx,UMLS,train_and_evaluate_gaussian,1,50,16,N/A,5.959451779997422,N/A,0.03768521547317505,0.006051437216338881,0.029500756429652043,0.08093797276853253
