Model,Dataset,Function,Epochs,Embedding Dims,Batch Size,Margin,Loss,Mean Rank,MRR,Hits@1,Hits@5,Hits@10
TransEUncertainty,datasets/UMLS_ranked_appearances___with_confidence.csv,train_and_evaluate,1,50,512,1.0,917.0345916748047,67.44563,0.031476602,0.0,0.021439509954058193,0.05206738131699847
DistMultUncertainty,datasets/UMLS_ranked_appearances___with_confidence.csv,train_and_evaluate,1,50,512,1.0,1187.1840718587239,68.5513,0.033962857,0.0,0.03215926493108729,0.06278713629402756
ComplExUncertainty,datasets/UMLS_ranked_appearances___with_confidence.csv,train_and_evaluate,1,50,512,1.0,3.9503253698349,68.9218989280245,0.04253919068904626,0.010719754977029096,0.036753445635528334,0.07350689127105667
TransE,UMLS,train_and_evaluate,1,50,512,N/A,1.1465191732753406,N/A,0.03460090979933739,0.0,0.03328290468986384,0.06580937972768533
DistMult,UMLS,train_and_evaluate,1,50,512,N/A,1.0279314626346936,N/A,0.04506760835647583,0.009833585476550681,0.04387291981845688,0.07488653555219364
ComplEx,UMLS,train_and_evaluate,1,50,512,N/A,5.844736792824485,N/A,0.044935859739780426,0.01059001512859304,0.04084720121028744,0.07639939485627836
