Model,Dataset,Function,Epochs,Embedding Dims,Batch Size,Margin,Loss,Mean Rank,MRR,Hits@1,Hits@5,Hits@10
TransEUncertainty,datasets/paper_bounded_UMLS.csv,train_and_evaluate,1,50,16,1.0,35.7122611520083,66.83614,0.03117625,0.0,0.02450229709035222,0.06278713629402756
DistMultUncertainty,datasets/paper_bounded_UMLS.csv,train_and_evaluate,1,50,16,1.0,43.10186660929543,69.369064,0.030299446,0.0,0.02450229709035222,0.05819295558958652
ComplExUncertainty,datasets/paper_bounded_UMLS.csv,train_and_evaluate,1,50,16,1.0,4.8783519844646035,65.84226646248086,0.047791376361703615,0.01225114854517611,0.045941807044410414,0.0781010719754977
TransE,UMLS,train_and_evaluate,1,50,16,N/A,1.076244283673222,N/A,0.03982602804899216,0.0,0.04236006051437216,0.08396369137670197
DistMult,UMLS,train_and_evaluate,1,50,16,N/A,1.0242946977995655,N/A,0.03898404911160469,0.0037821482602118004,0.040090771558245086,0.0832072617246596
ComplEx,UMLS,train_and_evaluate,1,50,16,N/A,5.406754440690842,N/A,0.04719999432563782,0.015128593040847202,0.04311649016641452,0.07034795763993948
