Model,Dataset,Function,Epochs,Embedding Dims,Batch Size,Margin,Loss,Mean Rank,MRR,Hits@1,Hits@5,Hits@10
TransEUncertainty,datasets/UMLS_agree___with_confidence.csv,train_and_evaluate_gaussian,100,50,16,1.0,3.1944625870041223,17.898928,0.19134952,0.06431852986217458,0.28024502297090353,0.5068912710566615
DistMultUncertainty,datasets/UMLS_agree___with_confidence.csv,train_and_evaluate_gaussian,100,50,16,1.0,693.1055850464364,67.54365,0.03390758,0.0,0.027565084226646247,0.06891271056661562
ComplExUncertainty,datasets/UMLS_agree___with_confidence.csv,train_and_evaluate_gaussian,100,50,16,1.0,nan,62.324655436447166,0.051599365820314984,0.019908116385911178,0.03828483920367534,0.0781010719754977
TransE,UMLS,train_and_evaluate_gaussian,100,50,16,N/A,0.15876258699440518,N/A,0.17568090558052063,0.037065052950075644,0.2813918305597579,0.5370650529500757
DistMult,UMLS,train_and_evaluate_gaussian,100,50,16,N/A,0.525433397183389,N/A,0.1959019899368286,0.057488653555219364,0.3124054462934947,0.5552193645990923
ComplEx,UMLS,train_and_evaluate_gaussian,100,50,16,N/A,0.281396087419036,N/A,0.1291297823190689,0.0226928895612708,0.1762481089258699,0.3940998487140696
