Model,Dataset,Function,Epochs,Embedding Dims,Batch Size,Margin,Loss,Mean Rank,MRR,Hits@1,Hits@5,Hits@10
TransEUncertainty,datasets/UMLS_random_[0.5;1]__with_confidence.csv,train_and_evaluate_gaussian,100,50,16,1.0,2.1844313079086333,20.6049,0.1807794,0.05359877488514548,0.28177641653905056,0.4655436447166922
DistMultUncertainty,datasets/UMLS_random_[0.5;1]__with_confidence.csv,train_and_evaluate_gaussian,100,50,16,1.0,-0.1400207221184088,44.04594,0.06939736,0.0,0.0903522205206738,0.23124042879019907
ComplExUncertainty,datasets/UMLS_random_[0.5;1]__with_confidence.csv,train_and_evaluate_gaussian,100,50,16,1.0,40.60235511738321,67.10872894333843,0.031904623409164105,0.0015313935681470138,0.021439509954058193,0.06431852986217458
TransE,UMLS,train_and_evaluate_gaussian,100,50,16,N/A,0.15200648616793697,N/A,0.17915797233581543,0.04236006051437216,0.2821482602118003,0.540090771558245
DistMult,UMLS,train_and_evaluate_gaussian,100,50,16,N/A,0.5212644102748918,N/A,0.19523100554943082,0.057488653555219364,0.31089258698940997,0.5446293494704992
ComplEx,UMLS,train_and_evaluate_gaussian,100,50,16,N/A,0.28714078769910556,N/A,0.13562150299549103,0.02798789712556732,0.1777609682299546,0.4198184568835098
