Model,Dataset,Function,Epochs,Embedding Dims,Batch Size,Margin,Loss,Mean Rank,MRR,Hits@1,Hits@5,Hits@10
TransEUncertainty,datasets/paper_bounded_UMLS.csv,train_and_evaluate_divergence,1,50,16,1.0,0.5746056472315736,64.52833,0.034527823,0.0,0.027565084226646247,0.06278713629402756
DistMultUncertainty,datasets/paper_bounded_UMLS.csv,train_and_evaluate_divergence,1,50,16,1.0,0.5731572755005049,65.09495,0.03589359,0.0,0.03215926493108729,0.07963246554364471
ComplExUncertainty,datasets/paper_bounded_UMLS.csv,train_and_evaluate_divergence,1,50,16,1.0,1.381155033150445,69.39816232771823,0.03905957058305787,0.006125574272588055,0.03522205206738132,0.07044410413476264
TransE,UMLS,train_and_evaluate_divergence,1,50,16,N/A,1.0916533376907278,N/A,0.04312548786401749,0.0,0.048411497730711045,0.10287443267776097
DistMult,UMLS,train_and_evaluate_divergence,1,50,16,N/A,1.0239746804617664,N/A,0.04209931567311287,0.009833585476550681,0.03479576399394856,0.07261724659606657
ComplEx,UMLS,train_and_evaluate_divergence,1,50,16,N/A,5.608532541368636,N/A,0.041609104722738266,0.00529500756429652,0.04236006051437216,0.08698940998487141
