Model,Dataset,Function,Epochs,Embedding Dims,Batch Size,Margin,Loss,Mean Rank,MRR,Hits@1,Hits@5,Hits@10
TransEUncertainty,datasets/paper_bounded_UMLS.csv,train_and_evaluate,1,50,512,1.0,1177.9922103881836,68.27106,0.032667033,0.0,0.02450229709035222,0.06738131699846861
DistMultUncertainty,datasets/paper_bounded_UMLS.csv,train_and_evaluate,1,50,512,1.0,1332.1661326090496,69.35375,0.032001868,0.0,0.027565084226646247,0.06738131699846861
ComplExUncertainty,datasets/paper_bounded_UMLS.csv,train_and_evaluate,1,50,512,1.0,4.931071201960246,67.4885145482389,0.039599974773091566,0.007656967840735069,0.03215926493108729,0.07197549770290965
TransE,UMLS,train_and_evaluate,1,50,512,N/A,1.0840466076677495,N/A,0.037212442606687546,0.0,0.0340393343419062,0.07715582450832073
DistMult,UMLS,train_and_evaluate,1,50,512,N/A,1.0287254615263506,N/A,0.03231031820178032,0.0022692889561270802,0.024205748865355523,0.06883509833585477
ComplEx,UMLS,train_and_evaluate,1,50,512,N/A,5.369519407098943,N/A,0.036403555423021317,0.006051437216338881,0.030257186081694403,0.06202723146747353
