Model,Dataset,Function,Epochs,Embedding Dims,Batch Size,Margin,Loss,Mean Rank,MRR,Hits@1,Hits@5,Hits@10
TransEUncertainty,datasets/paper_bounded_UMLS.csv,train_and_evaluate_contrastive,10,5,512,1.0,1.1018184175093968,69.69066,0.03459628,0.0015313935681470138,0.030627871362940276,0.06891271056661562
DistMultUncertainty,datasets/paper_bounded_UMLS.csv,train_and_evaluate_contrastive,10,5,512,1.0,1.2203779617945354,67.7366,0.0371609,0.0015313935681470138,0.02909647779479326,0.06738131699846861
ComplExUncertainty,datasets/paper_bounded_UMLS.csv,train_and_evaluate_contrastive,10,5,512,1.0,2.1769751807053885,69.43185298621746,0.03735854037399041,0.007656967840735069,0.022970903522205207,0.05972434915773354
TransE,UMLS,train_and_evaluate_contrastive,10,5,512,N/A,1.0828426317735151,N/A,0.042838193476200104,0.00680786686838124,0.037065052950075644,0.0832072617246596
DistMult,UMLS,train_and_evaluate_contrastive,10,5,512,N/A,1.082927411252802,N/A,0.04388928785920143,0.0113464447806354,0.04462934947049924,0.0718608169440242
