Model,Dataset,Function,Epochs,Embedding Dims,Batch Size,Margin,Loss,Mean Rank,MRR,Hits@1,Hits@5,Hits@10
TransEUncertainty,datasets/UMLS_model__ComplEx_with_confidence.csv,train_and_evaluate,10,4,16,1.0,2.0135879404842854,54.83461,0.049312003,0.006125574272588055,0.05206738131699847,0.09800918836140889
DistMultUncertainty,datasets/UMLS_model__ComplEx_with_confidence.csv,train_and_evaluate,10,4,16,1.0,2.0716676838372066,63.323124,0.041937638,0.004594180704441042,0.03828483920367534,0.07503828483920368
ComplExUncertainty,datasets/UMLS_model__ComplEx_with_confidence.csv,train_and_evaluate,10,4,16,1.0,0.19690776867007473,66.34762633996937,0.041758820853719715,0.009188361408882083,0.03522205206738132,0.07350689127105667
RotatEUncertainty,datasets/UMLS_model__ComplEx_with_confidence.csv,train_and_evaluate,10,4,16,1.0,0.07463842373766491,37.45941925048828,0.07947922497987747,0.013782542113323124,0.09341500765696784,0.211332306265831
TransE,train_and_evaluate,UMLS,10,4,16,N/A,0.9882685742312414,N/A,0.04785653576254845,0.009077155824508321,0.04084720121028744,0.094553706505295
DistMult,train_and_evaluate,UMLS,10,4,16,N/A,1.0213011311241453,N/A,0.03987911716103554,0.00529500756429652,0.03479576399394856,0.09001512859304085
ComplEx,train_and_evaluate,UMLS,10,4,16,N/A,0.8809069552304555,N/A,0.031645532697439194,0.0022692889561270802,0.02118003025718608,0.05219364599092285
RotatE,train_and_evaluate,UMLS,10,4,16,N/A,0.700582375555682,N/A,0.09213226288557053,0.0264750378214826,0.12329803328290469,0.20726172465960666
