Model,Dataset,Function,Epochs,Embedding Dims,Batch Size,Margin,Loss,Mean Rank,MRR,Hits@1,Hits@5,Hits@10
TransEUncertainty,datasets/UMLS_random_[0.5;1]__with_confidence.csv,train_and_evaluate_softplus,100,50,16,1.0,nan,62.324654,0.051599365,0.019908116385911178,0.03828483920367534,0.0781010719754977
DistMultUncertainty,datasets/UMLS_random_[0.5;1]__with_confidence.csv,train_and_evaluate_softplus,100,50,16,1.0,0.3234131454449633,70.240425,0.033280764,0.0,0.03522205206738132,0.06431852986217458
ComplExUncertainty,datasets/UMLS_random_[0.5;1]__with_confidence.csv,train_and_evaluate_softplus,100,50,16,1.0,5.709120139479637,68.28790199081163,0.03416514760948223,0.004594180704441042,0.027565084226646247,0.06584992343032159
TransE,UMLS,train_and_evaluate_softplus,100,50,16,N/A,0.14671071586799037,N/A,0.18276312947273254,0.046142208774583963,0.28517397881996975,0.5325264750378215
DistMult,UMLS,train_and_evaluate_softplus,100,50,16,N/A,0.5184029807890851,N/A,0.20525100827217102,0.06656580937972768,0.321482602118003,0.5658093797276853
ComplEx,UMLS,train_and_evaluate_softplus,100,50,16,N/A,0.29166262338589305,N/A,0.12850478291511536,0.02193645990922844,0.15960665658093798,0.3895612708018154
