Model,Dataset,Epochs,Embedding Dims,Batch Size,Margin,Loss,Mean Rank,MRR,Hits@1,Hits@5,Hits@10
TransEUncertainty,datasets/paper_bounded_UMLS.csv,100,50,512,1.0,702.9120635986328,64.66309,0.032796826,0.0,0.022970903522205207,0.06278713629402756
DistMultUncertainty,datasets/paper_bounded_UMLS.csv,100,50,512,1.0,775.7044372558594,65.14242,0.034159537,0.0,0.027565084226646247,0.06738131699846861
ComplExUncertainty,datasets/paper_bounded_UMLS.csv,100,50,512,1.0,4.719017505645752,67.21592649310873,0.03715693396539367,0.004594180704441042,0.022970903522205207,0.06891271056661562
RotatEUncertainty,datasets/paper_bounded_UMLS.csv,100,50,512,1.0,0.11798153445124626,21.5252685546875,0.12953543663024902,0.026033690658499236,0.1669218989280245,0.422664612531662
