Model,Dataset,Function,Epochs,Embedding Dims,Batch Size,Margin,Loss,Mean Rank,MRR,Hits@1,Hits@5,Hits@10
TransEUncertainty,datasets/UMLS_random_[0;1]__with_confidence.csv,train_and_evaluate_divergence,100,50,16,1.0,0.3002979252892344,64.229706,0.029735072,0.0,0.015313935681470138,0.045941807044410414
DistMultUncertainty,datasets/UMLS_random_[0;1]__with_confidence.csv,train_and_evaluate_divergence,100,50,16,1.0,0.0010008735584763242,47.771824,0.057438802,0.0,0.05666156202143951,0.14854517611026033
ComplExUncertainty,datasets/UMLS_random_[0;1]__with_confidence.csv,train_and_evaluate_divergence,100,50,16,1.0,0.8798317355306252,67.69218989280245,0.04054349468068984,0.0030627871362940277,0.04134762633996937,0.0781010719754977
TransE,UMLS,train_and_evaluate_divergence,100,50,16,N/A,0.15324308928902164,N/A,0.18346752226352692,0.0453857791225416,0.29046898638426627,0.5340393343419062
DistMult,UMLS,train_and_evaluate_divergence,100,50,16,N/A,0.5250963714042324,N/A,0.2054194062948227,0.07110438729198185,0.321482602118003,0.5431164901664145
ComplEx,UMLS,train_and_evaluate_divergence,100,50,16,N/A,0.2785597464149715,N/A,0.13195320963859558,0.0264750378214826,0.16111951588502268,0.40468986384266264
