Model,Dataset,Function,Epochs,Embedding Dims,Batch Size,Margin,Loss,Mean Rank,MRR,Hits@1,Hits@5,Hits@10
TransEUncertainty,datasets/UMLS_random_[0;1]__with_confidence.csv,train_and_evaluate_gaussian,100,50,16,1.0,2.679804384060528,20.672281,0.18613513,0.05972434915773354,0.28024502297090353,0.47013782542113325
DistMultUncertainty,datasets/UMLS_random_[0;1]__with_confidence.csv,train_and_evaluate_gaussian,100,50,16,1.0,2.1871486228913493,54.722816,0.05132895,0.0,0.05972434915773354,0.1362940275650842
ComplExUncertainty,datasets/UMLS_random_[0;1]__with_confidence.csv,train_and_evaluate_gaussian,100,50,16,1.0,235.19055708594945,66.81623277182236,0.040969108940077596,0.007656967840735069,0.03522205206738132,0.07197549770290965
TransE,UMLS,train_and_evaluate_gaussian,100,50,16,N/A,0.15223816823374275,N/A,0.18079139292240143,0.047655068078668684,0.2859304084720121,0.537821482602118
DistMult,UMLS,train_and_evaluate_gaussian,100,50,16,N/A,0.5173187558453507,N/A,0.200041800737381,0.059757942511346446,0.3260211800302572,0.5529500756429652
ComplEx,UMLS,train_and_evaluate_gaussian,100,50,16,N/A,0.29055554972835845,N/A,0.1202637255191803,0.02118003025718608,0.1437216338880484,0.3661119515885023
