Model,Dataset,Epochs,Embedding Dims,Batch Size,Margin,Loss,Mean Rank,MRR,Hits@1,Hits@5,Hits@10
TransEUncertainty,datasets/paper_bounded_UMLS.csv,10,50,512,1.0,1035.706278483073,64.523735,0.03818915,0.0,0.039816232771822356,0.08728943338437979
DistMultUncertainty,datasets/paper_bounded_UMLS.csv,10,50,512,1.0,1225.3436279296875,67.77641,0.03238444,0.0,0.021439509954058193,0.06431852986217458
ComplExUncertainty,datasets/paper_bounded_UMLS.csv,10,50,512,1.0,4.621463179588318,67.5405819295559,0.03996050765675357,0.010719754977029096,0.026033690658499236,0.07350689127105667
RotatEUncertainty,datasets/paper_bounded_UMLS.csv,10,50,512,1.0,0.4510856568813324,39.46707534790039,0.09347472339868546,0.015313935681470138,0.12098009188361408,0.258805513381958
TransE,UMLS,10,50,512,N/A,0.898241866718639,N/A,0.04773255065083504,0.0,0.05597579425113464,0.12027231467473525
DistMult,UMLS,10,50,512,N/A,1.01613619110801,N/A,0.041788987815380096,0.006051437216338881,0.036308623298033284,0.08169440242057488
ComplEx,UMLS,10,50,512,N/A,5.437236699191007,N/A,0.0404713936150074,0.009077155824508321,0.036308623298033284,0.06732223903177005
RotatE,UMLS,10,50,512,N/A,0.7392740845680237,N/A,0.1003904566168785,0.0226928895612708,0.1346444780635401,0.25718608169440244
