Model,Dataset,Function,Epochs,Embedding Dims,Batch Size,Margin,Loss,Mean Rank,MRR,Hits@1,Hits@5,Hits@10
TransEUncertainty,datasets/UMLS_average___with_confidence.csv,train_and_evaluate_contrastive,100,50,16,1.0,0.26100685609423596,16.157734,0.1511534,0.03522205206738132,0.21898928024502298,0.44716692189892804
DistMultUncertainty,datasets/UMLS_average___with_confidence.csv,train_and_evaluate_contrastive,100,50,16,1.0,0.24241546780356896,55.0536,0.058170337,0.0,0.07656967840735068,0.18223583460949463
ComplExUncertainty,datasets/UMLS_average___with_confidence.csv,train_and_evaluate_contrastive,100,50,16,1.0,6.398578411535077,67.96630934150076,0.039389947960991524,0.009188361408882083,0.03215926493108729,0.07350689127105667
TransE,UMLS,train_and_evaluate_contrastive,100,50,16,N/A,0.1659860922697863,N/A,0.18161359429359436,0.04311649016641452,0.2821482602118003,0.537821482602118
DistMult,UMLS,train_and_evaluate_contrastive,100,50,16,N/A,0.5250115784947857,N/A,0.20004916191101074,0.06505295007564296,0.3124054462934947,0.5544629349470499
ComplEx,UMLS,train_and_evaluate_contrastive,100,50,16,N/A,0.2837995314753494,N/A,0.13377444446086884,0.025718608169440244,0.17322239031770045,0.41074130105900153
