Model,Dataset,Function,Epochs,Embedding Dims,Batch Size,Margin,Loss,Mean Rank,MRR,Hits@1,Hits@5,Hits@10
TransEUncertainty,datasets/UMLS_appearances___with_confidence.csv,train_and_evaluate_contrastive,100,50,16,1.0,0.29005675341771997,16.883614,0.13347673,0.01225114854517611,0.22970903522205208,0.4165390505359878
DistMultUncertainty,datasets/UMLS_appearances___with_confidence.csv,train_and_evaluate_contrastive,100,50,16,1.0,0.21800109445947505,51.707504,0.06554937,0.0015313935681470138,0.0903522205206738,0.1990811638591118
ComplExUncertainty,datasets/UMLS_appearances___with_confidence.csv,train_and_evaluate_contrastive,100,50,16,1.0,5.857893714114375,71.23277182235834,0.03958944804019945,0.010719754977029096,0.033690658499234305,0.05972434915773354
TransE,UMLS,train_and_evaluate_contrastive,100,50,16,N/A,0.15796993234040546,N/A,0.18861304223537445,0.04462934947049924,0.30030257186081694,0.5506807866868382
DistMult,UMLS,train_and_evaluate_contrastive,100,50,16,N/A,0.5107474956958572,N/A,0.1950386315584183,0.06656580937972768,0.2934947049924357,0.5363086232980333
ComplEx,UMLS,train_and_evaluate_contrastive,100,50,16,N/A,0.2920507399445297,N/A,0.13788346946239471,0.03328290468986384,0.1686838124054463,0.397125567322239
