Model,Dataset,Function,Epochs,Embedding Dims,Batch Size,Margin,Loss,Mean Rank,MRR,Hits@1,Hits@5,Hits@10
TransEUncertainty,datasets/UMLS_average___with_confidence.csv,train_and_evaluate,1,50,16,1.0,19.034594975087952,67.56661,0.036773495,0.0,0.05053598774885146,0.07656967840735068
DistMultUncertainty,datasets/UMLS_average___with_confidence.csv,train_and_evaluate,1,50,16,1.0,22.580861604732014,70.53599,0.031887293,0.0,0.02909647779479326,0.055130168453292494
ComplExUncertainty,datasets/UMLS_average___with_confidence.csv,train_and_evaluate,1,50,16,1.0,2.617611083323541,67.28177641653905,0.04573029435771293,0.009188361408882083,0.045941807044410414,0.09494640122511486
TransE,UMLS,train_and_evaluate,1,50,16,N/A,1.0623788658095283,N/A,0.04671340808272362,0.0,0.049167927382753406,0.10968229954614221
DistMult,UMLS,train_and_evaluate,1,50,16,N/A,1.0242638467279679,N/A,0.0371176116168499,0.0030257186081694403,0.037065052950075644,0.07034795763993948
ComplEx,UMLS,train_and_evaluate,1,50,16,N/A,5.577567280070182,N/A,0.03201526403427124,0.0030257186081694403,0.02193645990922844,0.05446293494704992
