Model,Dataset,Function,Epochs,Embedding Dims,Batch Size,Margin,Loss,Mean Rank,MRR,Hits@1,Hits@5,Hits@10
TransEUncertainty,datasets/paper_bounded_UMLS.csv,train_and_evaluate_loss,10,5,512,1.0,238.4982713063558,69.45635,0.040528085,0.010719754977029096,0.03828483920367534,0.06431852986217458
DistMultUncertainty,datasets/paper_bounded_UMLS.csv,train_and_evaluate_loss,10,5,512,1.0,251.61477533976236,65.920364,0.037425514,0.0030627871362940277,0.026033690658499236,0.06584992343032159
ComplExUncertainty,datasets/paper_bounded_UMLS.csv,train_and_evaluate_loss,10,5,512,1.0,0.8790849049886068,68.04594180704441,0.04185170531730738,0.007656967840735069,0.045941807044410414,0.07350689127105667
TransE,UMLS,train_and_evaluate_loss,10,5,512,N/A,1.0959588831121272,N/A,0.04557685926556587,0.009833585476550681,0.0416036308623298,0.08093797276853253
DistMult,UMLS,train_and_evaluate_loss,10,5,512,N/A,1.0789165821942417,N/A,0.04324556142091751,0.00680786686838124,0.04084720121028744,0.08850226928895613
ComplEx,UMLS,train_and_evaluate_loss,10,5,512,N/A,1.6702475872906772,N/A,0.04519211873412132,0.006051437216338881,0.05521936459909228,0.08623298033282904
