Model,Dataset,Epochs,Embedding Dims,Batch Size,Margin,Loss,Mean Rank,MRR,Hits@1,Hits@5,Hits@10
TransEUncertainty,datasets/paper_bounded_UMLS.csv,200,100,512,1.0,249.84671910603842,26.555897,0.09877388,0.0,0.15160796324655437,0.29096477794793263
TransE,UMLS,200,100,512,N/A,0.13829009167172693,N/A,0.13227276504039764,0.0113464447806354,0.20196671709531014,0.4122541603630862
