Model,Dataset,Function,Epochs,Embedding Dims,Batch Size,Margin,Loss,Mean Rank,MRR,Hits@1,Hits@5,Hits@10
TransEUncertainty,datasets/UMLS_agree___with_confidence.csv,train_and_evaluate,1,50,512,1.0,420.8639844258626,69.73201,0.034667693,0.0,0.02909647779479326,0.07197549770290965
DistMultUncertainty,datasets/UMLS_agree___with_confidence.csv,train_and_evaluate,1,50,512,1.0,403.1134503682454,73.075035,0.029412499,0.0,0.021439509954058193,0.05819295558958652
ComplExUncertainty,datasets/UMLS_agree___with_confidence.csv,train_and_evaluate,1,50,512,1.0,1.5906535188357036,70.93261868300154,0.04131661271637969,0.009188361408882083,0.039816232771822356,0.07350689127105667
TransE,UMLS,train_and_evaluate,1,50,512,N/A,1.152329065582969,N/A,0.03251263126730919,0.0,0.025718608169440244,0.059757942511346446
DistMult,UMLS,train_and_evaluate,1,50,512,N/A,1.0281004905700684,N/A,0.03481319546699524,0.0037821482602118004,0.024205748865355523,0.059757942511346446
ComplEx,UMLS,train_and_evaluate,1,50,512,N/A,5.437784975225275,N/A,0.041403260082006454,0.00832072617246596,0.03479576399394856,0.07488653555219364
