Model,Dataset,Epochs,Embedding Dims,Batch Size,Margin,Loss,Mean Rank,MRR,Hits@1,Hits@5,Hits@10
TransEUncertainty,datasets/paper_bounded_UMLS.csv,100,50,512,1.0,3082.2783203125,35.64778,0.076685116,0.0,0.11638591117917305,0.2082695252679939
TransE,UMLS,100,50,512,N/A,0.1730180396275087,N/A,0.14274869859218597,0.02118003025718608,0.22768532526475038,0.45612708018154313
