Model,Dataset,Epochs,Embedding Dims,Batch Size,Margin,Loss,Mean Rank,MRR,Hits@1,Hits@5,Hits@10
TransEUncertainty,datasets/paper_bounded_UMLS.csv,5,6,16,1.0,180.9420567954459,51.58959,0.054182943,0.007656967840735069,0.05359877488514548,0.10719754977029096
DistMultUncertainty,datasets/paper_bounded_UMLS.csv,5,6,16,1.0,194.75115669064405,68.11179,0.03636836,0.004594180704441042,0.030627871362940276,0.07350689127105667
ComplExUncertainty,datasets/paper_bounded_UMLS.csv,5,6,16,1.0,1.940483538115897,69.01837672281776,0.031148677468502597,0.0,0.022970903522205207,0.05666156202143951
RotatEUncertainty,datasets/paper_bounded_UMLS.csv,5,6,16,1.0,0.7566407090280114,36.71669387817383,0.09049337357282639,0.016845329249617153,0.11026033690658499,0.26033690571784973
TransE,UMLS,5,6,16,N/A,0.9948653002823789,N/A,0.04969561472535134,0.00680786686838124,0.05143721633888049,0.10514372163388805
DistMult,UMLS,5,6,16,N/A,1.0406212678716227,N/A,0.042192067950963974,0.009077155824508321,0.040090771558245086,0.07791225416036308
ComplEx,UMLS,5,6,16,N/A,1.2475669639973552,N/A,0.036532774567604065,0.00529500756429652,0.025718608169440244,0.059757942511346446
RotatE,UMLS,5,6,16,N/A,0.746867969266476,N/A,0.08594796061515808,0.02118003025718608,0.10136157337367625,0.20196671709531014
