Model,Dataset,Epochs,Embedding Dims,Batch Size,Margin,Loss,Mean Rank,MRR,Hits@1,Hits@5,Hits@10
TransEUncertainty,datasets/paper_bounded_UMLS.csv,100,50,512,1.0,576.1718597412109,54.90046,0.051518556,0.0,0.06431852986217458,0.13016845329249618
TransE,UMLS,100,50,512,N/A,0.19489765167236328,N/A,0.15529808402061462,0.024205748865355523,0.25113464447806355,0.4909228441754917
