Model,Dataset,Function,Epochs,Embedding Dims,Batch Size,Margin,Loss,Mean Rank,MRR,Hits@1,Hits@5,Hits@10
TransEUncertainty,datasets/UMLS_random_[0.5;1]__with_confidence.csv,train_and_evaluate_contrastive,100,50,16,1.0,0.2706586737995562,17.104136,0.13935234,0.021439509954058193,0.24042879019908117,0.40735068912710565
DistMultUncertainty,datasets/UMLS_random_[0.5;1]__with_confidence.csv,train_and_evaluate_contrastive,100,50,16,1.0,0.19942758039510605,48.298622,0.065716125,0.0,0.09188361408882083,0.18989280245022971
ComplExUncertainty,datasets/UMLS_random_[0.5;1]__with_confidence.csv,train_and_evaluate_contrastive,100,50,16,1.0,0.18661664470868267,21.11179173047473,0.100515450207889,0.016845329249617153,0.10260336906584992,0.28177641653905056
TransE,UMLS,train_and_evaluate_contrastive,100,50,16,N/A,0.15811251615819755,N/A,0.18830269575119019,0.047655068078668684,0.29425113464447805,0.5491679273827534
DistMult,UMLS,train_and_evaluate_contrastive,100,50,16,N/A,0.5222220557964653,N/A,0.19934986531734467,0.06429652042360061,0.3199697428139183,0.5544629349470499
ComplEx,UMLS,train_and_evaluate_contrastive,100,50,16,N/A,0.2927621121923982,N/A,0.1275240033864975,0.0264750378214826,0.15809379727685324,0.3653555219364599
