Model,Dataset,Epochs,Embedding Dims,Batch Size,Margin,Loss,Mean Rank,MRR,Hits@1,Hits@5,Hits@10
TransEUncertainty,datasets/paper_bounded_UMLS.csv,5,6,16,1.0,12.992986295281387,58.13476,0.046411242,0.009188361408882083,0.03828483920367534,0.08575803981623277
DistMultUncertainty,datasets/paper_bounded_UMLS.csv,5,6,16,1.0,13.28689006479775,67.8683,0.035841875,0.0030627871362940277,0.03215926493108729,0.06431852986217458
ComplExUncertainty,datasets/paper_bounded_UMLS.csv,5,6,16,1.0,1.3810491416512467,66.20367534456355,0.03998691743455765,0.009188361408882083,0.03522205206738132,0.05819295558958652
RotatEUncertainty,datasets/paper_bounded_UMLS.csv,5,6,16,1.0,0.4714604532573281,41.739662170410156,0.08215169608592987,0.016845329249617153,0.10566615620214395,0.20826952159404755
TransE,UMLS,5,6,16,N/A,1.0399462129075103,N/A,0.04365331679582596,0.007564296520423601,0.040090771558245086,0.08472012102874432
DistMult,UMLS,5,6,16,N/A,1.0379676021681241,N/A,0.03768700733780861,0.00529500756429652,0.029500756429652043,0.07110438729198185
ComplEx,UMLS,5,6,16,N/A,1.309551286733955,N/A,0.04148812219500542,0.00832072617246596,0.03479576399394856,0.08093797276853253
RotatE,UMLS,5,6,16,N/A,0.7368317981439134,N/A,0.08749911189079285,0.02193645990922844,0.10665658093797277,0.22617246596066565
