Model,Dataset,Function,Epochs,Embedding Dims,Batch Size,Margin,Loss,Mean Rank,MRR,Hits@1,Hits@5,Hits@10
TransEUncertainty,datasets/paper_bounded_UMLS.csv,train_and_evaluate_gaussian,10,5,512,1.0,5.3562272389729815,68.13629,0.038679365,0.007656967840735069,0.030627871362940276,0.07656967840735068
DistMultUncertainty,datasets/paper_bounded_UMLS.csv,train_and_evaluate_gaussian,10,5,512,1.0,17645537.291666668,71.38898,0.031571586,0.0015313935681470138,0.021439509954058193,0.05666156202143951
ComplExUncertainty,datasets/paper_bounded_UMLS.csv,train_and_evaluate_gaussian,10,5,512,1.0,47551820.083333336,68.72281776416538,0.03703020086293011,0.006125574272588055,0.03215926493108729,0.07503828483920368
TransE,UMLS,train_and_evaluate_gaussian,10,5,512,N/A,1.0890600681304932,N/A,0.04982152581214905,0.009077155824508321,0.05521936459909228,0.1021180030257186
DistMult,UMLS,train_and_evaluate_gaussian,10,5,512,N/A,1.0738167654384265,N/A,0.03769299015402794,0.007564296520423601,0.029500756429652043,0.06732223903177005
ComplEx,UMLS,train_and_evaluate_gaussian,10,5,512,N/A,1.8302668549797751,N/A,0.042409684509038925,0.00529500756429652,0.046898638426626324,0.07866868381240545
