Model,Dataset,Function,Epochs,Embedding Dims,Batch Size,Margin,Loss,Mean Rank,MRR,Hits@1,Hits@5,Hits@10
TransEUncertainty,datasets/paper_logistic_UMLS.csv,train_and_evaluate_neg_confidences_cosukg,1,50,16,1.0,704.284296201623,57.555897,0.044086404,0.0,0.045941807044410414,0.0903522205206738
DistMultUncertainty,datasets/paper_logistic_UMLS.csv,train_and_evaluate_neg_confidences_cosukg,1,50,16,1.0,842.8599739074707,70.60184,0.03247104,0.0,0.026033690658499236,0.07197549770290965
ComplExUncertainty,datasets/paper_logistic_UMLS.csv,train_and_evaluate_neg_confidences_cosukg,1,50,16,1.0,10.709092624161554,67.30321592649311,0.04278356869892118,0.009188361408882083,0.042879019908116385,0.07503828483920368
TransE,UMLS,train_and_evaluate_neg_confidences_cosukg,1,50,16,N/A,1.0284216720268038,N/A,0.03883173689246178,0.0,0.039334341906202726,0.0794251134644478
DistMult,UMLS,train_and_evaluate_neg_confidences_cosukg,1,50,16,N/A,1.0241239356117013,N/A,0.03942684829235077,0.0045385779122541605,0.038577912254160365,0.07337367624810892
ComplEx,UMLS,train_and_evaluate_neg_confidences_cosukg,1,50,16,N/A,5.6046581202489465,N/A,0.036456964910030365,0.00529500756429652,0.03479576399394856,0.06429652042360061
