Model,Dataset,Function,Epochs,Embedding Dims,Batch Size,Margin,Loss,Mean Rank,MRR,Hits@1,Hits@5,Hits@10
TransEUncertainty,datasets/UMLS_average___with_confidence.csv,train_and_evaluate_gaussian,100,50,16,1.0,1.5473995244373446,19.378254,0.16667388,0.05359877488514548,0.2113323124042879,0.42725880551301687
DistMultUncertainty,datasets/UMLS_average___with_confidence.csv,train_and_evaluate_gaussian,100,50,16,1.0,-0.48765434231609106,46.70291,0.069596484,0.0,0.10413476263399694,0.19448698315467075
ComplExUncertainty,datasets/UMLS_average___with_confidence.csv,train_and_evaluate_gaussian,100,50,16,1.0,127.11699204859526,68.40122511485451,0.04185864687340456,0.006125574272588055,0.045941807044410414,0.07963246554364471
TransE,UMLS,train_and_evaluate_gaussian,100,50,16,N/A,0.1655061127949346,N/A,0.1780482828617096,0.04084720121028744,0.2859304084720121,0.5325264750378215
DistMult,UMLS,train_and_evaluate_gaussian,100,50,16,N/A,0.5192751769273559,N/A,0.19234322011470795,0.05521936459909228,0.321482602118003,0.5423600605143721
ComplEx,UMLS,train_and_evaluate_gaussian,100,50,16,N/A,0.28573171271045517,N/A,0.12307642400264741,0.018154311649016642,0.14069591527987896,0.3721633888048411
