Model,Dataset,Function,Epochs,Embedding Dims,Batch Size,Margin,Loss,Mean Rank,MRR,Hits@1,Hits@5,Hits@10
TransEUncertainty,datasets/paper_bounded_UMLS.csv,train_and_evaluate_divergence,10,5,512,1.0,0.003916010920268794,71.6095,0.030327292,0.004594180704441042,0.019908116385911178,0.03828483920367534
DistMultUncertainty,datasets/paper_bounded_UMLS.csv,train_and_evaluate_divergence,10,5,512,1.0,0.009471237543039024,70.211334,0.038665548,0.009188361408882083,0.036753445635528334,0.06738131699846861
ComplExUncertainty,datasets/paper_bounded_UMLS.csv,train_and_evaluate_divergence,10,5,512,1.0,0.02130010856005053,68.5926493108729,0.041350048421577836,0.01225114854517611,0.036753445635528334,0.06431852986217458
TransE,UMLS,train_and_evaluate_divergence,10,5,512,N/A,1.056149656122381,N/A,0.037994544953107834,0.0045385779122541605,0.03252647503782148,0.07791225416036308
DistMult,UMLS,train_and_evaluate_divergence,10,5,512,N/A,1.0778702822598545,N/A,0.051744803786277764,0.012859304084720122,0.06429652042360061,0.09531013615733737
ComplEx,UMLS,train_and_evaluate_divergence,10,5,512,N/A,1.5211213718761096,N/A,0.03765355795621872,0.00529500756429652,0.03328290468986384,0.06959152798789713
