Model,Dataset,Epochs,Embedding Dims,Batch Size,Margin,Loss,Mean Rank,MRR,Hits@1,Hits@5,Hits@10
TransEUncertainty,datasets/paper_bounded_UMLS.csv,200,100,512,1.0,2542.912638346354,22.300154,0.107353725,0.0,0.17917304747320062,0.327718223583461
TransE,UMLS,200,100,512,N/A,0.1353135881098834,N/A,0.1314631998538971,0.0113464447806354,0.20121028744326777,0.4228441754916793
