Model,Dataset,Function,Epochs,Embedding Dims,Batch Size,Margin,Loss,Mean Rank,MRR,Hits@1,Hits@5,Hits@10
TransEUncertainty,datasets/UMLS_random_[0.5;1]__with_confidence.csv,train_and_evaluate,1,50,16,1.0,45.482481746569924,61.225117,0.037665866,0.0,0.04134762633996937,0.08575803981623277
DistMultUncertainty,datasets/UMLS_random_[0.5;1]__with_confidence.csv,train_and_evaluate,1,50,16,1.0,52.719703244126364,68.73966,0.033351947,0.0,0.022970903522205207,0.06278713629402756
ComplExUncertainty,datasets/UMLS_random_[0.5;1]__with_confidence.csv,train_and_evaluate,1,50,16,1.0,6.264663284887439,68.56508422664625,0.039013986190097806,0.009188361408882083,0.03215926493108729,0.07503828483920368
TransE,UMLS,train_and_evaluate,1,50,16,N/A,1.0784095373987421,N/A,0.0414530411362648,0.0,0.048411497730711045,0.08093797276853253
DistMult,UMLS,train_and_evaluate,1,50,16,N/A,1.0243533001355598,N/A,0.04413381963968277,0.009077155824508321,0.04462934947049924,0.08472012102874432
ComplEx,UMLS,train_and_evaluate,1,50,16,N/A,5.715536002366821,N/A,0.03793518617749214,0.007564296520423601,0.029500756429652043,0.0680786686838124
