Model,Dataset,Function,Epochs,Embedding Dims,Batch Size,Margin,Loss,Mean Rank,MRR,Hits@1,Hits@5,Hits@10
TransEUncertainty,datasets/UMLS_random_[0;1]__with_confidence.csv,train_and_evaluate,1,50,512,1.0,924.069834391276,66.89433,0.03460243,0.0,0.022970903522205207,0.06431852986217458
DistMultUncertainty,datasets/UMLS_random_[0;1]__with_confidence.csv,train_and_evaluate,1,50,512,1.0,1033.375696818034,70.759575,0.029754141,0.0,0.021439509954058193,0.05053598774885146
ComplExUncertainty,datasets/UMLS_random_[0;1]__with_confidence.csv,train_and_evaluate,1,50,512,1.0,4.244559029738109,65.95558958652374,0.04497986615099532,0.009188361408882083,0.045941807044410414,0.08116385911179173
TransE,UMLS,train_and_evaluate,1,50,512,N/A,1.1269632903012363,N/A,0.04044755548238754,0.0,0.046142208774583963,0.08698940998487141
DistMult,UMLS,train_and_evaluate,1,50,512,N/A,1.0278734185478904,N/A,0.04306992143392563,0.009833585476550681,0.040090771558245086,0.07337367624810892
ComplEx,UMLS,train_and_evaluate,1,50,512,N/A,5.755848407745361,N/A,0.04332297295331955,0.006051437216338881,0.04236006051437216,0.08018154311649017
