Model,Dataset,Function,Epochs,Embedding Dims,Batch Size,Margin,Loss,Mean Rank,MRR,Hits@1,Hits@5,Hits@10
TransEUncertainty,datasets/UMLS_appearances___with_confidence.csv,train_and_evaluate_divergence,100,50,16,1.0,0.3287994317386461,65.48392,0.030822929,0.0,0.018376722817764167,0.05206738131699847
DistMultUncertainty,datasets/UMLS_appearances___with_confidence.csv,train_and_evaluate_divergence,100,50,16,1.0,0.00015732598156951693,42.701378,0.07761029,0.0030627871362940277,0.11332312404287902,0.22664624808575803
ComplExUncertainty,datasets/UMLS_appearances___with_confidence.csv,train_and_evaluate_divergence,100,50,16,1.0,nan,62.324655436447166,0.051599365820314984,0.019908116385911178,0.03828483920367534,0.0781010719754977
TransE,UMLS,train_and_evaluate_divergence,100,50,16,N/A,0.16125033585571805,N/A,0.18457740545272824,0.0453857791225416,0.2874432677760968,0.5355521936459909
DistMult,UMLS,train_and_evaluate_divergence,100,50,16,N/A,0.5295640900273996,N/A,0.19644677639007568,0.06202723146747353,0.3063540090771558,0.5544629349470499
ComplEx,UMLS,train_and_evaluate_divergence,100,50,16,N/A,0.2903053512099696,N/A,0.13467957079410553,0.03328290468986384,0.16792738275340394,0.3903177004538578
