Model,Dataset,Function,Epochs,Embedding Dims,Batch Size,Margin,Loss,Mean Rank,MRR,Hits@1,Hits@5,Hits@10
TransEUncertainty,datasets/paper_bounded_UMLS.csv,train_and_evaluate_gaussian,10,5,512,1.0,5.692435185114543,63.56968,0.037368055,0.0015313935681470138,0.03215926493108729,0.06891271056661562
DistMultUncertainty,datasets/paper_bounded_UMLS.csv,train_and_evaluate_gaussian,10,5,512,1.0,8791713.583333334,68.589584,0.040203854,0.007656967840735069,0.033690658499234305,0.06278713629402756
ComplExUncertainty,datasets/paper_bounded_UMLS.csv,train_and_evaluate_gaussian,10,5,512,1.0,34703551.083333336,68.3323124042879,0.040473438411487796,0.007656967840735069,0.03522205206738132,0.07656967840735068
TransE,UMLS,train_and_evaluate_gaussian,10,5,512,N/A,1.0905702222477307,N/A,0.035743147134780884,0.0030257186081694403,0.030257186081694403,0.07034795763993948
DistMult,UMLS,train_and_evaluate_gaussian,10,5,512,N/A,1.0770272016525269,N/A,0.03646807372570038,0.00529500756429652,0.028744326777609682,0.060514372163388806
ComplEx,UMLS,train_and_evaluate_gaussian,10,5,512,N/A,1.6737429120323875,N/A,0.04420412331819534,0.01059001512859304,0.04462934947049924,0.0832072617246596
