Model,Dataset,Epochs,Embedding Dims,Batch Size,Margin,Loss,Mean Rank,MRR,Hits@1,Hits@5,Hits@10
TransEUncertainty,datasets/paper_bounded_UMLS.csv,100,50,512,1.0,1060.4039916992188,49.369064,0.06688234,0.0,0.10719754977029096,0.1638591117917305
TransE,UMLS,100,50,512,N/A,0.18288569084622644,N/A,0.1559971272945404,0.029500756429652043,0.2428139183055976,0.4682299546142209
