Model,Dataset,Epochs,Embedding Dims,Batch Size,Margin,Loss,Mean Rank,MRR,Hits@1,Hits@5,Hits@10
TransEUncertainty,datasets/paper_bounded_UMLS.csv,5,6,16,1.0,208.90151679806593,60.25115,0.047676373,0.009188361408882083,0.04747320061255743,0.08116385911179173
DistMultUncertainty,datasets/paper_bounded_UMLS.csv,5,6,16,1.0,223.19478849085365,68.53752,0.04206269,0.009188361408882083,0.03522205206738132,0.07044410413476264
ComplExUncertainty,datasets/paper_bounded_UMLS.csv,5,6,16,1.0,1.876023350692377,68.39356814701378,0.03384435693881776,0.0030627871362940277,0.033690658499234305,0.05666156202143951
RotatEUncertainty,datasets/paper_bounded_UMLS.csv,5,6,16,1.0,0.9251949336470627,45.23430252075195,0.07010939717292786,0.018376722817764167,0.06891271056661562,0.1393568217754364
TransE,UMLS,5,6,16,N/A,1.0611366823407038,N/A,0.04362338408827782,0.00832072617246596,0.04084720121028744,0.08850226928895613
DistMult,UMLS,5,6,16,N/A,1.0325001970024927,N/A,0.0398586131632328,0.00832072617246596,0.03328290468986384,0.06580937972768533
ComplEx,UMLS,5,6,16,N/A,1.2975733761041441,N/A,0.03759194165468216,0.006051437216338881,0.03479576399394856,0.06354009077155824
RotatE,UMLS,5,6,16,N/A,0.7116569617957426,N/A,0.09569849073886873,0.023449319213313162,0.12632375189107414,0.23978819969742815
