Model,Dataset,Function,Epochs,Embedding Dims,Batch Size,Margin,Loss,Mean Rank,MRR,Hits@1,Hits@5,Hits@10
TransEUncertainty,datasets/UMLS_logical___with_confidence.csv,train_and_evaluate,10,4,16,1.0,7.719118302283079,52.852985,0.046258397,0.007656967840735069,0.036753445635528334,0.08422664624808576
DistMultUncertainty,datasets/UMLS_logical___with_confidence.csv,train_and_evaluate,10,4,16,1.0,8.195119844830554,68.04747,0.03472406,0.004594180704441042,0.030627871362940276,0.05819295558958652
ComplExUncertainty,datasets/UMLS_logical___with_confidence.csv,train_and_evaluate,10,4,16,1.0,0.7689804002318693,68.57427258805512,0.03136124871182224,0.0030627871362940277,0.015313935681470138,0.05053598774885146
RotatEUncertainty,datasets/UMLS_logical___with_confidence.csv,train_and_evaluate,10,4,16,1.0,0.29813514599252655,33.05513000488281,0.08474572747945786,0.018376722817764167,0.08422664624808576,0.17611026763916016
TransE,train_and_evaluate,UMLS,10,4,16,N/A,0.9478022761505805,N/A,0.05233827978372574,0.0113464447806354,0.05143721633888049,0.10816944024205749
DistMult,train_and_evaluate,UMLS,10,4,16,N/A,1.0170201741478926,N/A,0.03901747241616249,0.00529500756429652,0.031013615733736764,0.07261724659606657
ComplEx,train_and_evaluate,UMLS,10,4,16,N/A,0.8233519520130625,N/A,0.03208928555250168,0.0022692889561270802,0.024962178517397883,0.0529500756429652
RotatE,train_and_evaluate,UMLS,10,4,16,N/A,0.6817854785480382,N/A,0.08354932814836502,0.01739788199697428,0.10363086232980333,0.2118003025718608
