Model,Dataset,Function,Epochs,Embedding Dims,Batch Size,Margin,Loss,Mean Rank,MRR,Hits@1,Hits@5,Hits@10
TransEUncertainty,datasets/UMLS_appearances___with_confidence.csv,train_and_evaluate,1,50,16,1.0,4.953517721034586,65.73966,0.034678817,0.0,0.02909647779479326,0.07350689127105667
DistMultUncertainty,datasets/UMLS_appearances___with_confidence.csv,train_and_evaluate,1,50,16,1.0,5.747766090475994,68.27412,0.033670895,0.0,0.03215926493108729,0.06738131699846861
ComplExUncertainty,datasets/UMLS_appearances___with_confidence.csv,train_and_evaluate,1,50,16,1.0,0.6488907193643567,67.58499234303216,0.037074740184398394,0.004594180704441042,0.03522205206738132,0.07197549770290965
TransE,UMLS,train_and_evaluate,1,50,16,N/A,1.0759059624072234,N/A,0.039115067571401596,0.0,0.037821482602118005,0.09304084720121028
DistMult,UMLS,train_and_evaluate,1,50,16,N/A,1.0242350061246954,N/A,0.04137427732348442,0.007564296520423601,0.039334341906202726,0.07110438729198185
ComplEx,UMLS,train_and_evaluate,1,50,16,N/A,5.7139022950014455,N/A,0.04223320633172989,0.00680786686838124,0.04462934947049924,0.07866868381240545
