Model,Dataset,Function,Epochs,Embedding Dims,Batch Size,Margin,Loss,Mean Rank,MRR,Hits@1,Hits@5,Hits@10
TransEUncertainty,datasets/UMLS_appearances___with_confidence.csv,train_and_evaluate_gaussian,100,50,16,1.0,6.051516313915667,19.11945,0.16624172,0.04134762633996937,0.24808575803981622,0.47320061255742724
DistMultUncertainty,datasets/UMLS_appearances___with_confidence.csv,train_and_evaluate_gaussian,100,50,16,1.0,263.045338701801,59.226646,0.042674664,0.0,0.04747320061255743,0.0995405819295559
ComplExUncertainty,datasets/UMLS_appearances___with_confidence.csv,train_and_evaluate_gaussian,100,50,16,1.0,nan,62.324655436447166,0.051599365820314984,0.019908116385911178,0.03828483920367534,0.0781010719754977
TransE,UMLS,train_and_evaluate_gaussian,100,50,16,N/A,0.16175072791020564,N/A,0.18843887746334076,0.05068078668683813,0.28517397881996975,0.5446293494704992
DistMult,UMLS,train_and_evaluate_gaussian,100,50,16,N/A,0.5248481197042699,N/A,0.19514882564544678,0.06202723146747353,0.3048411497730711,0.537821482602118
ComplEx,UMLS,train_and_evaluate_gaussian,100,50,16,N/A,0.2825654146312936,N/A,0.13283613324165344,0.024205748865355523,0.17397881996974282,0.3940998487140696
