Model,Dataset,Epochs,Embedding Dims,Batch Size,Margin,Loss,Mean Rank,MRR,Hits@1,Hits@5,Hits@10
TransEUncertainty,datasets/paper_bounded_UMLS.csv,100,50,512,1.0,392.369327545166,37.36447,0.06677821,0.0,0.07503828483920368,0.17304747320061256
DistMultUncertainty,datasets/paper_bounded_UMLS.csv,100,50,512,1.0,1202.9333801269531,68.50076,0.03260278,0.0,0.027565084226646247,0.06278713629402756
ComplExUncertainty,datasets/paper_bounded_UMLS.csv,100,50,512,1.0,4.680956125259399,68.75957120980092,0.04000974170265614,0.009188361408882083,0.030627871362940276,0.06738131699846861
RotatEUncertainty,datasets/paper_bounded_UMLS.csv,100,50,512,1.0,0.09291907399892807,20.004594802856445,0.13963359594345093,0.027565084226646247,0.19295558958652373,0.45482388138771057
TransE,UMLS,100,50,512,N/A,0.20640666511925784,N/A,0.15045729279518127,0.024962178517397883,0.23600605143721634,0.4576399394856278
DistMult,UMLS,100,50,512,N/A,0.6689485690810464,N/A,0.16717706620693207,0.049167927382753406,0.2692889561270802,0.45915279878971255
