Model,Dataset,Function,Epochs,Embedding Dims,Batch Size,Margin,Loss,Mean Rank,MRR,Hits@1,Hits@5,Hits@10
TransEUncertainty,datasets/UMLS_model__TransE_with_confidence.csv,train_and_evaluate_gaussian,100,50,16,1.0,3.3312349905786305,20.70291,0.17120752,0.04134762633996937,0.2572741194486983,0.45941807044410415
DistMultUncertainty,datasets/UMLS_model__TransE_with_confidence.csv,train_and_evaluate_gaussian,100,50,16,1.0,96.20909860635014,53.508423,0.05523175,0.0,0.07503828483920368,0.14701378254211334
ComplExUncertainty,datasets/UMLS_model__TransE_with_confidence.csv,train_and_evaluate_gaussian,100,50,16,1.0,nan,62.324655436447166,0.051599365820314984,0.019908116385911178,0.03828483920367534,0.0781010719754977
TransE,UMLS,train_and_evaluate_gaussian,100,50,16,N/A,0.15039985722925034,N/A,0.19106222689151764,0.05446293494704992,0.291981845688351,0.5446293494704992
DistMult,UMLS,train_and_evaluate_gaussian,100,50,16,N/A,0.52546589177079,N/A,0.19432403147220612,0.06278366111951589,0.3063540090771558,0.5340393343419062
ComplEx,UMLS,train_and_evaluate_gaussian,100,50,16,N/A,0.2869399383069913,N/A,0.13293929398059845,0.030257186081694403,0.16187594553706505,0.3918305597579425
