Model,Dataset,Function,Epochs,Embedding Dims,Batch Size,Margin,Loss,Mean Rank,MRR,Hits@1,Hits@5,Hits@10
TransEUncertainty,datasets/paper_bounded_UMLS.csv,train_and_evaluate,10,4,16,1.0,10.644002732051456,55.454823,0.04730028,0.006125574272588055,0.039816232771822356,0.09341500765696784
DistMultUncertainty,datasets/paper_bounded_UMLS.csv,train_and_evaluate,10,4,16,1.0,10.695336826793525,64.44717,0.043367185,0.009188361408882083,0.03522205206738132,0.07503828483920368
ComplExUncertainty,datasets/paper_bounded_UMLS.csv,train_and_evaluate,10,4,16,1.0,0.7041508747548189,67.86064318529863,0.03916618402549446,0.009188361408882083,0.030627871362940276,0.07656967840735068
RotatEUncertainty,datasets/paper_bounded_UMLS.csv,train_and_evaluate,10,4,16,1.0,0.3446690081416265,32.39969253540039,0.1009526252746582,0.022970903522205207,0.11332312404287902,0.26186829805374146
TransE,train_and_evaluate,UMLS,10,4,16,N/A,0.9503627683670243,N/A,0.05150272324681282,0.012102874432677761,0.048411497730711045,0.1021180030257186
DistMult,train_and_evaluate,UMLS,10,4,16,N/A,1.0123249467896538,N/A,0.0522008016705513,0.00832072617246596,0.048411497730711045,0.11497730711043873
ComplEx,train_and_evaluate,UMLS,10,4,16,N/A,0.8695552996331197,N/A,0.046424850821495056,0.012859304084720122,0.0416036308623298,0.07866868381240545
RotatE,train_and_evaluate,UMLS,10,4,16,N/A,0.6772794495879507,N/A,0.09120321273803711,0.0226928895612708,0.10363086232980333,0.21936459909228442
