Model,Dataset,Function,Epochs,Embedding Dims,Batch Size,Margin,Loss,Mean Rank,MRR,Hits@1,Hits@5,Hits@10
TransEUncertainty,datasets/UMLS_random_[0;0.5]__with_confidence.csv,train_and_evaluate_softplus,100,50,16,1.0,nan,62.324654,0.051599365,0.019908116385911178,0.03828483920367534,0.0781010719754977
DistMultUncertainty,datasets/UMLS_random_[0;0.5]__with_confidence.csv,train_and_evaluate_softplus,100,50,16,1.0,2.3930940939032513e-08,67.79479,0.040052686,0.0,0.045941807044410414,0.08422664624808576
ComplExUncertainty,datasets/UMLS_random_[0;0.5]__with_confidence.csv,train_and_evaluate_softplus,100,50,16,1.0,5.273637064125227,69.21592649310873,0.03446354456740475,0.004594180704441042,0.027565084226646247,0.05359877488514548
TransE,UMLS,train_and_evaluate_softplus,100,50,16,N/A,0.1761887020494309,N/A,0.18753023445606232,0.049924357034795766,0.29425113464447805,0.5446293494704992
DistMult,UMLS,train_and_evaluate_softplus,100,50,16,N/A,0.5236576609084943,N/A,0.18671970069408417,0.05143721633888049,0.3040847201210287,0.5514372163388804
ComplEx,UMLS,train_and_evaluate_softplus,100,50,16,N/A,0.28895874783122466,N/A,0.12590593099594116,0.0264750378214826,0.14296520423600606,0.39334341906202724
