Model,Dataset,Function,Epochs,Embedding Dims,Batch Size,Margin,Loss,Mean Rank,MRR,Hits@1,Hits@5,Hits@10
TransEUncertainty,datasets/paper_bounded_UMLS.csv,train_and_evaluate_gaussian,100,50,16,1.0,2.5271063028308363,16.730474,0.19122513,0.05972434915773354,0.28483920367534454,0.49310872894333846
DistMultUncertainty,datasets/paper_bounded_UMLS.csv,train_and_evaluate_gaussian,100,50,16,1.0,151096.14191705897,65.94793,0.033531465,0.0,0.030627871362940276,0.07350689127105667
ComplExUncertainty,datasets/paper_bounded_UMLS.csv,train_and_evaluate_gaussian,100,50,16,1.0,nan,62.324655436447166,0.051599365820314984,0.019908116385911178,0.03828483920367534,0.0781010719754977
TransE,UMLS,train_and_evaluate_gaussian,100,50,16,N/A,0.16100341620986447,N/A,0.1829238086938858,0.047655068078668684,0.28290468986384265,0.546142208774584
DistMult,UMLS,train_and_evaluate_gaussian,100,50,16,N/A,0.5259991292756028,N/A,0.1889073997735977,0.058245083207261725,0.2957639939485628,0.5279878971255674
ComplEx,UMLS,train_and_evaluate_gaussian,100,50,16,N/A,0.29984434726048104,N/A,0.13585807383060455,0.028744326777609682,0.17700453857791226,0.42133131618759456
