Model,Dataset,Function,Epochs,Embedding Dims,Batch Size,Margin,Loss,Mean Rank,MRR,Hits@1,Hits@5,Hits@10
TransEUncertainty,datasets/UMLS_agree___with_confidence.csv,train_and_evaluate_softplus,100,50,16,1.0,nan,62.324654,0.051599365,0.019908116385911178,0.03828483920367534,0.0781010719754977
DistMultUncertainty,datasets/UMLS_agree___with_confidence.csv,train_and_evaluate_softplus,100,50,16,1.0,0.362112318125108,64.92343,0.036587276,0.0,0.030627871362940276,0.08269525267993874
ComplExUncertainty,datasets/UMLS_agree___with_confidence.csv,train_and_evaluate_softplus,100,50,16,1.0,5.072770324738129,68.51761102603369,0.03309931232337583,0.0030627871362940277,0.022970903522205207,0.055130168453292494
TransE,UMLS,train_and_evaluate_softplus,100,50,16,N/A,0.15934306657387434,N/A,0.190008744597435,0.048411497730711045,0.3086232980332829,0.5491679273827534
DistMult,UMLS,train_and_evaluate_softplus,100,50,16,N/A,0.5181711326164702,N/A,0.20535568892955783,0.0718608169440242,0.30786686838124055,0.5446293494704992
ComplEx,UMLS,train_and_evaluate_softplus,100,50,16,N/A,0.286352375990774,N/A,0.12526704370975494,0.02118003025718608,0.15052950075642965,0.394856278366112
