Model,Dataset,Function,Epochs,Embedding Dims,Batch Size,Margin,Loss,Mean Rank,MRR,Hits@1,Hits@5,Hits@10
TransEUncertainty,datasets/paper_bounded_UMLS.csv,train_and_evaluate_contrastive,100,50,16,1.0,0.2913298052938088,17.294027,0.13600653,0.016845329249617153,0.20673813169984687,0.39663093415007655
DistMultUncertainty,datasets/paper_bounded_UMLS.csv,train_and_evaluate_contrastive,100,50,16,1.0,0.29500230597129656,46.03063,0.06918416,0.0,0.11026033690658499,0.1883614088820827
ComplExUncertainty,datasets/paper_bounded_UMLS.csv,train_and_evaluate_contrastive,100,50,16,1.0,0.204758296923145,21.453292496171517,0.10889559021246711,0.02450229709035222,0.11179173047473201,0.26952526799387444
TransE,UMLS,train_and_evaluate_contrastive,100,50,16,N/A,0.15516776532117574,N/A,0.18928158283233643,0.05143721633888049,0.30030257186081694,0.5491679273827534
DistMult,UMLS,train_and_evaluate_contrastive,100,50,16,N/A,0.5169138822453153,N/A,0.20089785754680634,0.06656580937972768,0.3063540090771558,0.5514372163388804
ComplEx,UMLS,train_and_evaluate_contrastive,100,50,16,N/A,0.2884645346392152,N/A,0.1334521621465683,0.030257186081694403,0.170196671709531,0.3812405446293495
