Model,Dataset,Function,Epochs,Embedding Dims,Batch Size,Margin,Loss,Mean Rank,MRR,Hits@1,Hits@5,Hits@10
TransEUncertainty,datasets/UMLS_average___with_confidence.csv,train_and_evaluate_divergence,100,50,16,1.0,0.29640956947822933,67.99387,0.030593358,0.0,0.022970903522205207,0.05359877488514548
DistMultUncertainty,datasets/UMLS_average___with_confidence.csv,train_and_evaluate_divergence,100,50,16,1.0,0.00030472620678863126,44.563553,0.077232674,0.0015313935681470138,0.11638591117917305,0.2113323124042879
ComplExUncertainty,datasets/UMLS_average___with_confidence.csv,train_and_evaluate_divergence,100,50,16,1.0,0.9284103682831578,67.2572741194487,0.04242124389254992,0.007656967840735069,0.036753445635528334,0.0781010719754977
TransE,UMLS,train_and_evaluate_divergence,100,50,16,N/A,0.16236079223682545,N/A,0.18931996822357175,0.046142208774583963,0.3154311649016641,0.5370650529500757
DistMult,UMLS,train_and_evaluate_divergence,100,50,16,N/A,0.5194428255952941,N/A,0.19325362145900726,0.058245083207261725,0.2987897125567322,0.5453857791225416
ComplEx,UMLS,train_and_evaluate_divergence,100,50,16,N/A,0.27957091914729837,N/A,0.12245766073465347,0.02042360060514372,0.15128593040847202,0.3842662632375189
