Model,Dataset,Function,Epochs,Embedding Dims,Batch Size,Margin,Loss,Mean Rank,MRR,Hits@1,Hits@5,Hits@10
TransEUncertainty,datasets/UMLS_model__TransE_with_confidence.csv,train_and_evaluate_contrastive,100,50,16,1.0,0.2519669024192769,16.611027,0.14088589,0.022970903522205207,0.2113323124042879,0.4012251148545176
DistMultUncertainty,datasets/UMLS_model__TransE_with_confidence.csv,train_and_evaluate_contrastive,100,50,16,1.0,0.2001526846408682,50.522205,0.063093275,0.0015313935681470138,0.0888208269525268,0.17304747320061256
ComplExUncertainty,datasets/UMLS_model__TransE_with_confidence.csv,train_and_evaluate_contrastive,100,50,16,1.0,0.2020889450188564,23.920367534456354,0.10477722220206283,0.02450229709035222,0.11179173047473201,0.25880551301684535
TransE,UMLS,train_and_evaluate_contrastive,100,50,16,N/A,0.15609688672917021,N/A,0.1803269386291504,0.04462934947049924,0.291981845688351,0.5310136157337367
DistMult,UMLS,train_and_evaluate_contrastive,100,50,16,N/A,0.5262437850419729,N/A,0.19258958101272583,0.05597579425113464,0.3063540090771558,0.5529500756429652
ComplEx,UMLS,train_and_evaluate_contrastive,100,50,16,N/A,0.2917726356878968,N/A,0.1233438476920128,0.018910741301059002,0.14826021180030258,0.3903177004538578
