Model,Dataset,Function,Epochs,Embedding Dims,Batch Size,Margin,Loss,Mean Rank,MRR,Hits@1,Hits@5,Hits@10
TransEUncertainty,datasets/paper_logistic_UMLS.csv,train_and_evaluate,1,50,512,1.0,1175.5949808756511,68.33537,0.037739057,0.0,0.039816232771822356,0.08269525267993874
DistMultUncertainty,datasets/paper_logistic_UMLS.csv,train_and_evaluate,1,50,512,1.0,1388.0476684570312,68.96325,0.03255132,0.0,0.02450229709035222,0.06891271056661562
ComplExUncertainty,datasets/paper_logistic_UMLS.csv,train_and_evaluate,1,50,512,1.0,5.446540872255961,68.96324655436447,0.04527824276141558,0.009188361408882083,0.045941807044410414,0.08422664624808576
TransE,UMLS,train_and_evaluate,1,50,512,N/A,1.1217785315080122,N/A,0.034016627818346024,0.0,0.028744326777609682,0.07337367624810892
DistMult,UMLS,train_and_evaluate,1,50,512,N/A,1.0274768634275957,N/A,0.03579078987240791,0.0030257186081694403,0.0340393343419062,0.0718608169440242
ComplEx,UMLS,train_and_evaluate,1,50,512,N/A,5.633877494118431,N/A,0.03783947229385376,0.0045385779122541605,0.03555219364599092,0.07110438729198185
