Model,Dataset,Function,Epochs,Embedding Dims,Batch Size,Margin,Loss,Mean Rank,MRR,Hits@1,Hits@5,Hits@10
TransEUncertainty,datasets/UMLS_model__TransE_with_confidence.csv,train_and_evaluate,1,50,512,1.0,372.40714899698895,65.39663,0.03161973,0.0,0.021439509954058193,0.06738131699846861
DistMultUncertainty,datasets/UMLS_model__TransE_with_confidence.csv,train_and_evaluate,1,50,512,1.0,469.92126210530597,71.05972,0.034408078,0.0,0.036753445635528334,0.07044410413476264
ComplExUncertainty,datasets/UMLS_model__TransE_with_confidence.csv,train_and_evaluate,1,50,512,1.0,1.7389111816883087,69.77794793261869,0.04049795586810605,0.007656967840735069,0.0444104134762634,0.06738131699846861
TransE,UMLS,train_and_evaluate,1,50,512,N/A,1.0851960994980552,N/A,0.03717155382037163,0.0,0.028744326777609682,0.07564296520423601
DistMult,UMLS,train_and_evaluate,1,50,512,N/A,1.027461745522239,N/A,0.046418242156505585,0.01059001512859304,0.047655068078668684,0.08245083207261725
ComplEx,UMLS,train_and_evaluate,1,50,512,N/A,5.94856444272128,N/A,0.041789084672927856,0.00832072617246596,0.03328290468986384,0.0718608169440242
