Model,Dataset,Function,Epochs,Embedding Dims,Batch Size,Margin,Loss,Mean Rank,MRR,Hits@1,Hits@5,Hits@10
TransEUncertainty,datasets/UMLS_model__DistMult_with_confidence.csv,train_and_evaluate_divergence,100,50,16,1.0,0.331337409377422,68.258804,0.027494214,0.0,0.013782542113323124,0.045941807044410414
DistMultUncertainty,datasets/UMLS_model__DistMult_with_confidence.csv,train_and_evaluate_divergence,100,50,16,1.0,0.00021054268354023605,41.1853,0.08269373,0.0030627871362940277,0.1225114854517611,0.24042879019908117
ComplExUncertainty,datasets/UMLS_model__DistMult_with_confidence.csv,train_and_evaluate_divergence,100,50,16,1.0,0.8920930002046668,68.0,0.04502973363319755,0.010719754977029096,0.045941807044410414,0.08728943338437979
TransE,UMLS,train_and_evaluate_divergence,100,50,16,N/A,0.17042210039916944,N/A,0.17932407557964325,0.04311649016641452,0.2927382753403933,0.5363086232980333
DistMult,UMLS,train_and_evaluate_divergence,100,50,16,N/A,0.5176177297267446,N/A,0.1865123063325882,0.049924357034795766,0.30559757942511345,0.5332829046898638
ComplEx,UMLS,train_and_evaluate_divergence,100,50,16,N/A,0.275462241009152,N/A,0.13672521710395813,0.03328290468986384,0.16338880484114976,0.38502269288956126
