Model,Dataset,Epochs,Embedding Dims,Batch Size,Margin,Loss,Mean Rank,MRR,Hits@1,Hits@5,Hits@10
TransEUncertainty,datasets/paper_bounded_UMLS.csv,200,100,512,1.0,3322.043009440104,30.83461,0.08604024,0.0,0.12710566615620214,0.26186830015313933
TransE,UMLS,200,100,512,N/A,0.14455685696818613,N/A,0.12693025171756744,0.006051437216338881,0.2087745839636914,0.41906202723146746
