Model,Dataset,Function,Epochs,Embedding Dims,Batch Size,Margin,Loss,Mean Rank,MRR,Hits@1,Hits@5,Hits@10
TransEUncertainty,datasets/UMLS_logical___with_confidence.csv,train_and_evaluate,1,50,16,1.0,28.003880047117885,61.949463,0.03582814,0.0,0.026033690658499236,0.07963246554364471
DistMultUncertainty,datasets/UMLS_logical___with_confidence.csv,train_and_evaluate,1,50,16,1.0,31.684233819660932,69.42266,0.035048373,0.0,0.03215926493108729,0.05819295558958652
ComplExUncertainty,datasets/UMLS_logical___with_confidence.csv,train_and_evaluate,1,50,16,1.0,4.0353673499801355,66.28943338437979,0.03842241795292081,0.004594180704441042,0.03828483920367534,0.06891271056661562
TransE,UMLS,train_and_evaluate,1,50,16,N/A,1.0578894735845321,N/A,0.03809117153286934,0.0,0.03177004538577912,0.08850226928895613
DistMult,UMLS,train_and_evaluate,1,50,16,N/A,1.0244908149988374,N/A,0.03669402003288269,0.006051437216338881,0.024205748865355523,0.06656580937972768
ComplEx,UMLS,train_and_evaluate,1,50,16,N/A,5.660322741496782,N/A,0.036147911101579666,0.0045385779122541605,0.024962178517397883,0.06732223903177005
