Model,Dataset,Function,Epochs,Embedding Dims,Batch Size,Margin,Loss,Mean Rank,MRR,Hits@1,Hits@5,Hits@10
TransEUncertainty,datasets/paper_bounded_UMLS.csv,train_and_evaluate_neg_confidences_cosukg,10,4,16,1.0,146.08684153660485,47.739662,0.059911814,0.010719754977029096,0.055130168453292494,0.11638591117917305
DistMultUncertainty,datasets/paper_bounded_UMLS.csv,train_and_evaluate_neg_confidences_cosukg,10,4,16,1.0,185.77819594092992,67.678406,0.034101535,0.0030627871362940277,0.027565084226646247,0.055130168453292494
ComplExUncertainty,datasets/paper_bounded_UMLS.csv,train_and_evaluate_neg_confidences_cosukg,10,4,16,1.0,1.1577212070317373,66.5635528330781,0.03494204775977873,0.006125574272588055,0.022970903522205207,0.05359877488514548
RotatEUncertainty,datasets/paper_bounded_UMLS.csv,train_and_evaluate_neg_confidences_cosukg,10,4,16,1.0,0.6540059682953617,34.25880432128906,0.09092526882886887,0.021439509954058193,0.10413476263399694,0.2312404215335846
TransE,UMLS,train_and_evaluate_neg_confidences_cosukg,10,4,16,N/A,0.970702718371994,N/A,0.058075446635484695,0.015128593040847202,0.06732223903177005,0.11270801815431165
DistMult,UMLS,train_and_evaluate_neg_confidences_cosukg,10,4,16,N/A,1.0154126231655753,N/A,0.048955827951431274,0.0113464447806354,0.05068078668683813,0.09304084720121028
