Model,Dataset,Function,Epochs,Embedding Dims,Batch Size,Margin,Loss,Mean Rank,MRR,Hits@1,Hits@5,Hits@10
TransEUncertainty,datasets/paper_bounded_UMLS.csv,train_and_evaluate,10,4,16,1.0,9.9084741084472,53.58193,0.044505354,0.004594180704441042,0.033690658499234305,0.0888208269525268
DistMultUncertainty,datasets/paper_bounded_UMLS.csv,train_and_evaluate,10,4,16,1.0,11.719349779512571,62.71363,0.04167632,0.007656967840735069,0.03215926493108729,0.07197549770290965
ComplExUncertainty,datasets/paper_bounded_UMLS.csv,train_and_evaluate,10,4,16,1.0,1.0322291737057916,70.0811638591118,0.03522816755758469,0.004594180704441042,0.03215926493108729,0.06891271056661562
RotatEUncertainty,datasets/paper_bounded_UMLS.csv,train_and_evaluate,10,4,16,1.0,0.4066889369050446,40.29555892944336,0.07566758990287781,0.006125574272588055,0.10413476263399694,0.20367534458637238
TransE,UMLS,train_and_evaluate,10,4,16,N/A,0.9794591582077412,N/A,0.05373269319534301,0.014372163388804841,0.05143721633888049,0.10060514372163389
DistMult,UMLS,train_and_evaluate,10,4,16,N/A,1.0216953187632414,N/A,0.04127886891365051,0.009077155824508321,0.0340393343419062,0.07413010590015129
